plan_level,voyage_id,group_id,size,big_plan_size,height,status,port,operator,ctype,special,business_special,is_large_attribute,attribute_quantity_threshold,window_start,window_end,area_loading_during_window,area_loading_after_window_24h,area_no,yard_block,yard_block_bays,yard_block_bay_count,yard_block_boundary_adjusted,voyage_area_block_count,voyage_area_block_span,voyage_area_block_gap_count,bay_no,is_fallback_bay,fallback_reason,plan_reason,planned_boxes,group_demand
medium,453334,453334_G001,20,20,PQ,OF,NLRTM,MSC,GP,NORMAL,NORMAL,True,10,2026-05-08 10:00:00,2026-05-09 10:00:00,True,True,28,28-B03,"25,27,29,31,33,35",6,False,2,3,1,,,,attribute_to_yard_block;large_attribute,3,37
medium,453334,453334_G001,20,20,PQ,OF,NLRTM,MSC,GP,NORMAL,NORMAL,True,10,2026-05-08 10:00:00,2026-05-09 10:00:00,True,True,28,28-B05,"47,49,51,53,55,57,59",7,True,2,3,1,,,,attribute_to_yard_block;large_attribute,4,37
medium,453334,453334_G001,20,20,PQ,OF,NLRTM,MSC,GP,NORMAL,NORMAL,True,10,2026-05-08 10:00:00,2026-05-09 10:00:00,True,True,38,38-B01,"05,07,09,11,13,15",6,False,4,5,1,,,,attribute_to_yard_block;large_attribute,4,37
medium,453334,453334_G001,20,20,PQ,OF,NLRTM,MSC,GP,NORMAL,NORMAL,True,10,2026-05-08 10:00:00,2026-05-09 10:00:00,True,True,38,38-B04,"41,43,45,47,49,51",6,False,4,5,1,,,,attribute_to_yard_block;large_attribute,6,37
medium,453334,453334_G001,20,20,PQ,OF,NLRTM,MSC,GP,NORMAL,NORMAL,True,10,2026-05-08 10:00:00,2026-05-09 10:00:00,True,True,38,38-B05,"53,55,57,59,61,63",6,False,4,5,1,,,,attribute_to_yard_block;large_attribute,5,37
medium,453334,453334_G001,20,20,PQ,OF,NLRTM,MSC,GP,NORMAL,NORMAL,True,10,2026-05-08 10:00:00,2026-05-09 10:00:00,False,False,79,79-B01,"01,03,05,07,09,11",6,False,6,6,0,,,,attribute_to_yard_block;large_attribute,6,37
medium,453334,453334_G001,20,20,PQ,OF,NLRTM,MSC,GP,NORMAL,NORMAL,True,10,2026-05-08 10:00:00,2026-05-09 10:00:00,False,False,79,79-B02,"13,15,17,19,21,23,25",7,True,6,6,0,,,,attribute_to_yard_block;large_attribute,4,37
medium,453334,453334_G001,20,20,PQ,OF,NLRTM,MSC,GP,NORMAL,NORMAL,True,10,2026-05-08 10:00:00,2026-05-09 10:00:00,False,False,79,79-B05,"53,55,57,59,61,63",6,False,6,6,0,,,,attribute_to_yard_block;large_attribute,5,37
medium,453334,453334_G002,20,20,PQ,OF,PLGDN,MSC,GP,NORMAL,NORMAL,True,10,2026-05-08 10:00:00,2026-05-09 10:00:00,True,True,38,38-B03,"29,31,33,35,37,39",6,False,4,5,1,,,,attribute_to_yard_block;large_attribute,5,11
medium,453334,453334_G002,20,20,PQ,OF,PLGDN,MSC,GP,NORMAL,NORMAL,True,10,2026-05-08 10:00:00,2026-05-09 10:00:00,False,False,79,79-B01,"01,03,05,07,09,11",6,False,6,6,0,,,,attribute_to_yard_block;large_attribute,6,11
medium,453334,453334_G003,20,20,PQ,OF,SGSIN,MSC,GP,NORMAL,NORMAL,False,10,2026-05-08 10:00:00,2026-05-09 10:00:00,True,True,38,38-B04,"41,43,45,47,49,51",6,False,4,5,1,,,,attribute_to_yard_block,5,8
medium,453334,453334_G003,20,20,PQ,OF,SGSIN,MSC,GP,NORMAL,NORMAL,False,10,2026-05-08 10:00:00,2026-05-09 10:00:00,False,False,79,79-B06,"65,67,69,71",4,False,6,6,0,,,,attribute_to_yard_block,3,8
medium,453334,453334_G004,20,20,PQ,OF,GBFXT,MSC,GP,NORMAL,NORMAL,False,10,2026-05-08 10:00:00,2026-05-09 10:00:00,False,False,79,79-B01,"01,03,05,07,09,11",6,False,6,6,0,,,,attribute_to_yard_block,3,3
medium,453334,453334_G005,20,20,PQ,OF,LTKLJ,MSC,GP,NORMAL,NORMAL,False,10,2026-05-08 10:00:00,2026-05-09 10:00:00,False,False,79,79-B02,"13,15,17,19,21,23,25",7,True,6,6,0,,,,attribute_to_yard_block,2,2
medium,453334,453334_G006,20,20,PQ,OF,BEZEE,MSC,GP,NORMAL,NORMAL,False,10,2026-05-08 10:00:00,2026-05-09 10:00:00,False,False,79,79-B05,"53,55,57,59,61,63",6,False,6,6,0,,,,attribute_to_yard_block,3,3
medium,453334,453334_G007,20,20,PQ,OF,LKCMB,MSC,GP,NORMAL,NORMAL,False,10,2026-05-08 10:00:00,2026-05-09 10:00:00,True,True,38,38-B01,"05,07,09,11,13,15",6,False,4,5,1,,,,attribute_to_yard_block,1,1
medium,453334,453334_G008,20,20,PQ,OF,BEANT,MSC,GP,NORMAL,NORMAL,False,10,2026-05-08 10:00:00,2026-05-09 10:00:00,False,False,79,79-B04,"41,43,45,47,49,51",6,False,6,6,0,,,,attribute_to_yard_block,1,1
medium,453334,453334_G009,20,20,PQ,OF,GBLGP,MSC,GP,NORMAL,NORMAL,False,10,2026-05-08 10:00:00,2026-05-09 10:00:00,True,True,38,38-B01,"05,07,09,11,13,15",6,False,4,5,1,,,,attribute_to_yard_block,3,3
medium,453334,453334_G010,20,20,PQ,OF,VNVUT,MSC,GP,NORMAL,NORMAL,False,10,2026-05-08 10:00:00,2026-05-09 10:00:00,False,False,79,79-B04,"41,43,45,47,49,51",6,False,6,6,0,,,,attribute_to_yard_block,1,1
medium,453334,453334_G011,40,40,HQ,OF,NLRTM,MSC,GP,NORMAL,NORMAL,True,10,2026-05-08 10:00:00,2026-05-09 10:00:00,False,False,79,79-B01,"01,03,05,07,09,11",6,False,6,6,0,,,,attribute_to_yard_block;large_attribute,4,16
medium,453334,453334_G011,40,40,HQ,OF,NLRTM,MSC,GP,NORMAL,NORMAL,True,10,2026-05-08 10:00:00,2026-05-09 10:00:00,False,False,79,79-B02,"13,15,17,19,21,23,25",7,True,6,6,0,,,,attribute_to_yard_block;large_attribute,5,16
medium,453334,453334_G011,40,40,HQ,OF,NLRTM,MSC,GP,NORMAL,NORMAL,True,10,2026-05-08 10:00:00,2026-05-09 10:00:00,False,False,79,79-B04,"41,43,45,47,49,51",6,False,6,6,0,,,,attribute_to_yard_block;large_attribute,3,16
medium,453334,453334_G011,40,40,HQ,OF,NLRTM,MSC,GP,NORMAL,NORMAL,True,10,2026-05-08 10:00:00,2026-05-09 10:00:00,False,False,79,79-B06,"65,67,69,71",4,False,6,6,0,,,,attribute_to_yard_block;large_attribute,4,16
medium,453334,453334_G012,40,40,HQ,OF,PLGDN,MSC,GP,NORMAL,NORMAL,True,10,2026-05-08 10:00:00,2026-05-09 10:00:00,False,False,79,79-B02,"13,15,17,19,21,23,25",7,True,6,6,0,,,,attribute_to_yard_block;large_attribute,5,10
medium,453334,453334_G012,40,40,HQ,OF,PLGDN,MSC,GP,NORMAL,NORMAL,True,10,2026-05-08 10:00:00,2026-05-09 10:00:00,False,False,79,79-B05,"53,55,57,59,61,63",6,False,6,6,0,,,,attribute_to_yard_block;large_attribute,5,10
medium,453334,453334_G013,40,40,HQ,OF,LTKLJ,MSC,GP,NORMAL,NORMAL,False,10,2026-05-08 10:00:00,2026-05-09 10:00:00,False,False,79,79-B05,"53,55,57,59,61,63",6,False,6,6,0,,,,attribute_to_yard_block,2,2
medium,453334,453334_G014,40,40,PQ,OF,PLGDN,MSC,GP,NORMAL,NORMAL,False,10,2026-05-08 10:00:00,2026-05-09 10:00:00,False,False,79,79-B03,"27,29,31,33,35,37,39",7,True,6,6,0,,,,attribute_to_yard_block,1,1
medium,453334,453334_G015,40,40,HQ,OF,SGSIN,MSK,GP,NORMAL,NORMAL,False,10,2026-05-08 10:00:00,2026-05-09 10:00:00,True,True,38,38-B05,"53,55,57,59,61,63",6,False,4,5,1,,,,attribute_to_yard_block,1,1
medium,453334,453334_G016,40,40,HQ,OF,BEZEE,MSC,GP,NORMAL,NORMAL,False,10,2026-05-08 10:00:00,2026-05-09 10:00:00,False,False,79,79-B05,"53,55,57,59,61,63",6,False,6,6,0,,,,attribute_to_yard_block,3,3
medium,453334,453334_G017,40,40,HQ,OF,GBFXT,MSC,GP,NORMAL,NORMAL,True,10,2026-05-08 10:00:00,2026-05-09 10:00:00,False,False,79,79-B02,"13,15,17,19,21,23,25",7,True,6,6,0,,,,attribute_to_yard_block;large_attribute,6,13
medium,453334,453334_G017,40,40,HQ,OF,GBFXT,MSC,GP,NORMAL,NORMAL,True,10,2026-05-08 10:00:00,2026-05-09 10:00:00,False,False,79,79-B05,"53,55,57,59,61,63",6,False,6,6,0,,,,attribute_to_yard_block;large_attribute,5,13
medium,453334,453334_G017,40,40,HQ,OF,GBFXT,MSC,GP,NORMAL,NORMAL,True,10,2026-05-08 10:00:00,2026-05-09 10:00:00,False,False,79,79-B06,"65,67,69,71",4,False,6,6,0,,,,attribute_to_yard_block;large_attribute,2,13
medium,453334,453334_G018,40,40,PQ,OF,NLRTM,MSC,GP,NORMAL,NORMAL,False,10,2026-05-08 10:00:00,2026-05-09 10:00:00,False,False,79,79-B02,"13,15,17,19,21,23,25",7,True,6,6,0,,,,attribute_to_yard_block,3,3
medium,453334,453334_G019,40,40,HQ,OF,LKCMB,MSC,GP,NORMAL,NORMAL,False,10,2026-05-08 10:00:00,2026-05-09 10:00:00,False,False,79,79-B05,"53,55,57,59,61,63",6,False,6,6,0,,,,attribute_to_yard_block,1,1
medium,453334,453334_G020,40,40,PQ,OF,SGSIN,MSC,GP,NORMAL,NORMAL,False,10,2026-05-08 10:00:00,2026-05-09 10:00:00,False,False,79,79-B02,"13,15,17,19,21,23,25",7,True,6,6,0,,,,attribute_to_yard_block,1,1
medium,453334,453334_G021,40,40,PQ,OF,BEANT,MSC,GP,NORMAL,NORMAL,False,10,2026-05-08 10:00:00,2026-05-09 10:00:00,False,False,79,79-B06,"65,67,69,71",4,False,6,6,0,,,,attribute_to_yard_block,1,1
medium,453334,453334_G022,40,40,PQ,OF,GBFXT,MSC,GP,NORMAL,NORMAL,False,10,2026-05-08 10:00:00,2026-05-09 10:00:00,False,False,79,79-B04,"41,43,45,47,49,51",6,False,6,6,0,,,,attribute_to_yard_block,1,1
medium,453334,453334_G023,40,40,HQ,OF,SGSIN,MSC,GP,NORMAL,NORMAL,False,10,2026-05-08 10:00:00,2026-05-09 10:00:00,False,False,79,79-B04,"41,43,45,47,49,51",6,False,6,6,0,,,,attribute_to_yard_block,3,3
medium,453334,453334_G024,40,40,HQ,OF,LTKLJ,MSC,RF,RF,NORMAL,False,10,2026-05-08 10:00:00,2026-05-09 10:00:00,False,False,79,79-B03,"27,29,31,33,35,37,39",7,True,6,6,0,,,,attribute_to_yard_block;special_stow_soft_preference,2,2
medium,453334,453334_G025,40,40,HQ,OF,BEANT,MSC,GP,NORMAL,NORMAL,False,10,2026-05-08 10:00:00,2026-05-09 10:00:00,False,False,79,79-B03,"27,29,31,33,35,37,39",7,True,6,6,0,,,,attribute_to_yard_block,1,1
medium,453400,453400_G001,20,20,PQ,OF,DEBRV,HLC,GP,NORMAL,NORMAL,False,10,2026-05-08 16:00:00,2026-05-09 16:00:00,True,True,28,28-B01,"01,03,05,07,09,11",6,False,6,6,0,,,,attribute_to_yard_block,3,3
medium,453400,453400_G002,20,20,PQ,OF,MYTPP,MSK,GP,NORMAL,NORMAL,False,10,2026-05-08 16:00:00,2026-05-09 16:00:00,True,True,28,28-B01,"01,03,05,07,09,11",6,False,6,6,0,,,,attribute_to_yard_block,3,8
medium,453400,453400_G002,20,20,PQ,OF,MYTPP,MSK,GP,NORMAL,NORMAL,False,10,2026-05-08 16:00:00,2026-05-09 16:00:00,True,True,28,28-B05,"47,49,51,53,55,57,59",7,True,6,6,0,,,,attribute_to_yard_block,5,8
medium,453400,453400_G003,20,20,PQ,OF,DEWVN,HLC,GP,NORMAL,NORMAL,False,10,2026-05-08 16:00:00,2026-05-09 16:00:00,True,True,28,28-B03,"25,27,29,31,33,35",6,False,6,6,0,,,,attribute_to_yard_block,8,8
medium,453400,453400_G004,20,20,PQ,OF,DEWVN,MSK,GP,NORMAL,NORMAL,True,10,2026-05-08 16:00:00,2026-05-09 16:00:00,True,True,28,28-B01,"01,03,05,07,09,11",6,False,6,6,0,,,,attribute_to_yard_block;large_attribute,1,16
medium,453400,453400_G004,20,20,PQ,OF,DEWVN,MSK,GP,NORMAL,NORMAL,True,10,2026-05-08 16:00:00,2026-05-09 16:00:00,True,True,28,28-B04,"37,39,41,43,45",5,True,6,6,0,,,,attribute_to_yard_block;large_attribute,6,16
medium,453400,453400_G004,20,20,PQ,OF,DEWVN,MSK,GP,NORMAL,NORMAL,True,10,2026-05-08 16:00:00,2026-05-09 16:00:00,True,True,28,28-B05,"47,49,51,53,55,57,59",7,True,6,6,0,,,,attribute_to_yard_block;large_attribute,6,16
medium,453400,453400_G004,20,20,PQ,OF,DEWVN,MSK,GP,NORMAL,NORMAL,True,10,2026-05-08 16:00:00,2026-05-09 16:00:00,True,True,28,28-B06,"61,63",2,False,6,6,0,,,,attribute_to_yard_block;large_attribute,3,16
medium,453400,453400_G005,20,20,PQ,OF,MAPTM,MSK,GP,NORMAL,NORMAL,False,10,2026-05-08 16:00:00,2026-05-09 16:00:00,True,True,28,28-B03,"25,27,29,31,33,35",6,False,6,6,0,,,,attribute_to_yard_block,1,1
medium,453400,453400_G006,20,20,PQ,OF,DEBRV,MSK,GP,NORMAL,NORMAL,True,10,2026-05-08 16:00:00,2026-05-09 16:00:00,True,True,28,28-B02,"13,15,17,19,21,23",6,False,6,6,0,,,,attribute_to_yard_block;large_attribute,5,14
medium,453400,453400_G006,20,20,PQ,OF,DEBRV,MSK,GP,NORMAL,NORMAL,True,10,2026-05-08 16:00:00,2026-05-09 16:00:00,True,True,28,28-B03,"25,27,29,31,33,35",6,False,6,6,0,,,,attribute_to_yard_block;large_attribute,6,14
medium,453400,453400_G006,20,20,PQ,OF,DEBRV,MSK,GP,NORMAL,NORMAL,True,10,2026-05-08 16:00:00,2026-05-09 16:00:00,True,True,28,28-B05,"47,49,51,53,55,57,59",7,True,6,6,0,,,,attribute_to_yard_block;large_attribute,3,14
medium,453400,453400_G007,20,20,PQ,OF,NLRTM,HLC,GP,NORMAL,NORMAL,False,10,2026-05-08 16:00:00,2026-05-09 16:00:00,True,True,28,28-B04,"37,39,41,43,45",5,True,6,6,0,,,,attribute_to_yard_block,1,1
medium,453400,453400_G008,20,20,PQ,OF,MATAN,HLC,GP,NORMAL,NORMAL,False,10,2026-05-08 16:00:00,2026-05-09 16:00:00,True,True,28,28-B01,"01,03,05,07,09,11",6,False,6,6,0,,,,attribute_to_yard_block,1,1
medium,453400,453400_G009,20,20,PQ,OF,DEWVN,MSK,TK,NORMAL,TYPE_TK,False,10,2026-05-08 16:00:00,2026-05-09 16:00:00,True,True,28,28-B05,"47,49,51,53,55,57,59",7,True,6,6,0,,,,attribute_to_yard_block,1,1
medium,453400,453400_G010,40,40,HQ,OF,DEWVN,MSK,GP,NORMAL,NORMAL,True,10,2026-05-08 16:00:00,2026-05-09 16:00:00,False,True,19,19-B04,"37,39,41,43,45,47,49",7,True,3,3,0,,,,attribute_to_yard_block;large_attribute,5,58
medium,453400,453400_G010,40,40,HQ,OF,DEWVN,MSK,GP,NORMAL,NORMAL,True,10,2026-05-08 16:00:00,2026-05-09 16:00:00,False,True,19,19-B05,"51,53,55,57",4,False,3,3,0,,,,attribute_to_yard_block;large_attribute,3,58
medium,453400,453400_G010,40,40,HQ,OF,DEWVN,MSK,GP,NORMAL,NORMAL,True,10,2026-05-08 16:00:00,2026-05-09 16:00:00,True,True,28,28-B02,"13,15,17,19,21,23",6,False,6,6,0,,,,attribute_to_yard_block;large_attribute,11,58
medium,453400,453400_G010,40,40,HQ,OF,DEWVN,MSK,GP,NORMAL,NORMAL,True,10,2026-05-08 16:00:00,2026-05-09 16:00:00,True,True,28,28-B03,"25,27,29,31,33,35",6,False,6,6,0,,,,attribute_to_yard_block;large_attribute,5,58
medium,453400,453400_G010,40,40,HQ,OF,DEWVN,MSK,GP,NORMAL,NORMAL,True,10,2026-05-08 16:00:00,2026-05-09 16:00:00,True,True,28,28-B04,"37,39,41,43,45",5,True,6,6,0,,,,attribute_to_yard_block;large_attribute,7,58
medium,453400,453400_G010,40,40,HQ,OF,DEWVN,MSK,GP,NORMAL,NORMAL,True,10,2026-05-08 16:00:00,2026-05-09 16:00:00,True,True,28,28-B05,"47,49,51,53,55,57,59",7,True,6,6,0,,,,attribute_to_yard_block;large_attribute,9,58
medium,453400,453400_G010,40,40,HQ,OF,DEWVN,MSK,GP,NORMAL,NORMAL,True,10,2026-05-08 16:00:00,2026-05-09 16:00:00,True,True,5A,5A-B01,"01,03,05,07,09,11",6,False,4,4,0,,,,attribute_to_yard_block;large_attribute,5,58
medium,453400,453400_G010,40,40,HQ,OF,DEWVN,MSK,GP,NORMAL,NORMAL,True,10,2026-05-08 16:00:00,2026-05-09 16:00:00,True,True,5A,5A-B02,"13,15,17,19,21,23,25,27,29,31,33,35",12,True,4,4,0,,,,attribute_to_yard_block;large_attribute,6,58
medium,453400,453400_G010,40,40,HQ,OF,DEWVN,MSK,GP,NORMAL,NORMAL,True,10,2026-05-08 16:00:00,2026-05-09 16:00:00,True,True,5A,5A-B03,"37,39,41,43,45,47,49,51,53,55,57",11,True,4,4,0,,,,attribute_to_yard_block;large_attribute,7,58
medium,453400,453400_G011,40,40,HQ,OF,DEWVN,HLC,GP,NORMAL,NORMAL,True,10,2026-05-08 16:00:00,2026-05-09 16:00:00,False,True,19,19-B03,"25,27,29,31,33,35",6,False,3,3,0,,,,attribute_to_yard_block;large_attribute,6,66
medium,453400,453400_G011,40,40,HQ,OF,DEWVN,HLC,GP,NORMAL,NORMAL,True,10,2026-05-08 16:00:00,2026-05-09 16:00:00,True,True,28,28-B01,"01,03,05,07,09,11",6,False,6,6,0,,,,attribute_to_yard_block;large_attribute,5,66
medium,453400,453400_G011,40,40,HQ,OF,DEWVN,HLC,GP,NORMAL,NORMAL,True,10,2026-05-08 16:00:00,2026-05-09 16:00:00,True,True,28,28-B02,"13,15,17,19,21,23",6,False,6,6,0,,,,attribute_to_yard_block;large_attribute,7,66
medium,453400,453400_G011,40,40,HQ,OF,DEWVN,HLC,GP,NORMAL,NORMAL,True,10,2026-05-08 16:00:00,2026-05-09 16:00:00,True,True,28,28-B03,"25,27,29,31,33,35",6,False,6,6,0,,,,attribute_to_yard_block;large_attribute,5,66
medium,453400,453400_G011,40,40,HQ,OF,DEWVN,HLC,GP,NORMAL,NORMAL,True,10,2026-05-08 16:00:00,2026-05-09 16:00:00,True,True,28,28-B04,"37,39,41,43,45",5,True,6,6,0,,,,attribute_to_yard_block;large_attribute,8,66
medium,453400,453400_G011,40,40,HQ,OF,DEWVN,HLC,GP,NORMAL,NORMAL,True,10,2026-05-08 16:00:00,2026-05-09 16:00:00,True,True,28,28-B05,"47,49,51,53,55,57,59",7,True,6,6,0,,,,attribute_to_yard_block;large_attribute,8,66
medium,453400,453400_G011,40,40,HQ,OF,DEWVN,HLC,GP,NORMAL,NORMAL,True,10,2026-05-08 16:00:00,2026-05-09 16:00:00,True,True,5A,5A-B02,"13,15,17,19,21,23,25,27,29,31,33,35",12,True,4,4,0,,,,attribute_to_yard_block;large_attribute,6,66
medium,453400,453400_G011,40,40,HQ,OF,DEWVN,HLC,GP,NORMAL,NORMAL,True,10,2026-05-08 16:00:00,2026-05-09 16:00:00,True,True,5A,5A-B03,"37,39,41,43,45,47,49,51,53,55,57",11,True,4,4,0,,,,attribute_to_yard_block;large_attribute,9,66
medium,453400,453400_G011,40,40,HQ,OF,DEWVN,HLC,GP,NORMAL,NORMAL,True,10,2026-05-08 16:00:00,2026-05-09 16:00:00,True,True,5A,5A-B04,"59,61,63,65,67,69,71",7,True,4,4,0,,,,attribute_to_yard_block;large_attribute,7,66
medium,453400,453400_G011,40,40,HQ,OF,DEWVN,HLC,GP,NORMAL,NORMAL,True,10,2026-05-08 16:00:00,2026-05-09 16:00:00,False,False,79,79-B02,"13,15,17,19,21,23,25",7,True,1,1,0,,,,attribute_to_yard_block;large_attribute,5,66
medium,453400,453400_G012,40,40,HQ,OF,DEBRV,MSK,GP,NORMAL,NORMAL,True,10,2026-05-08 16:00:00,2026-05-09 16:00:00,True,True,28,28-B04,"37,39,41,43,45",5,True,6,6,0,,,,attribute_to_yard_block;large_attribute,6,21
medium,453400,453400_G012,40,40,HQ,OF,DEBRV,MSK,GP,NORMAL,NORMAL,True,10,2026-05-08 16:00:00,2026-05-09 16:00:00,True,True,28,28-B05,"47,49,51,53,55,57,59",7,True,6,6,0,,,,attribute_to_yard_block;large_attribute,8,21
medium,453400,453400_G012,40,40,HQ,OF,DEBRV,MSK,GP,NORMAL,NORMAL,True,10,2026-05-08 16:00:00,2026-05-09 16:00:00,True,True,5A,5A-B01,"01,03,05,07,09,11",6,False,4,4,0,,,,attribute_to_yard_block;large_attribute,4,21
medium,453400,453400_G012,40,40,HQ,OF,DEBRV,MSK,GP,NORMAL,NORMAL,True,10,2026-05-08 16:00:00,2026-05-09 16:00:00,True,True,5A,5A-B04,"59,61,63,65,67,69,71",7,True,4,4,0,,,,attribute_to_yard_block;large_attribute,3,21
medium,453400,453400_G013,40,40,PQ,OF,DEBRV,MSK,GP,NORMAL,NORMAL,False,10,2026-05-08 16:00:00,2026-05-09 16:00:00,True,True,5A,5A-B02,"13,15,17,19,21,23,25,27,29,31,33,35",12,True,4,4,0,,,,attribute_to_yard_block,1,5
medium,453400,453400_G013,40,40,PQ,OF,DEBRV,MSK,GP,NORMAL,NORMAL,False,10,2026-05-08 16:00:00,2026-05-09 16:00:00,True,True,5A,5A-B03,"37,39,41,43,45,47,49,51,53,55,57",11,True,4,4,0,,,,attribute_to_yard_block,4,5
medium,453400,453400_G014,40,40,PQ,OF,DEWVN,MSK,GP,NORMAL,NORMAL,False,10,2026-05-08 16:00:00,2026-05-09 16:00:00,True,True,5A,5A-B02,"13,15,17,19,21,23,25,27,29,31,33,35",12,True,4,4,0,,,,attribute_to_yard_block,7,7
medium,453400,453400_G015,40,40,HQ,OF,MYTPP,HLC,GP,NORMAL,NORMAL,False,10,2026-05-08 16:00:00,2026-05-09 16:00:00,True,True,5A,5A-B01,"01,03,05,07,09,11",6,False,4,4,0,,,,attribute_to_yard_block,5,7
medium,453400,453400_G015,40,40,HQ,OF,MYTPP,HLC,GP,NORMAL,NORMAL,False,10,2026-05-08 16:00:00,2026-05-09 16:00:00,True,True,5A,5A-B02,"13,15,17,19,21,23,25,27,29,31,33,35",12,True,4,4,0,,,,attribute_to_yard_block,2,7
medium,453400,453400_G016,40,40,HQ,OF,MATAT,HLC,GP,NORMAL,NORMAL,True,10,2026-05-08 16:00:00,2026-05-09 16:00:00,True,True,28,28-B01,"01,03,05,07,09,11",6,False,6,6,0,,,,attribute_to_yard_block;large_attribute,5,10
medium,453400,453400_G016,40,40,HQ,OF,MATAT,HLC,GP,NORMAL,NORMAL,True,10,2026-05-08 16:00:00,2026-05-09 16:00:00,True,True,28,28-B02,"13,15,17,19,21,23",6,False,6,6,0,,,,attribute_to_yard_block;large_attribute,5,10
medium,453400,453400_G017,40,40,PQ,OF,MYTPP,MSK,GP,NORMAL,NORMAL,False,10,2026-05-08 16:00:00,2026-05-09 16:00:00,True,True,28,28-B02,"13,15,17,19,21,23",6,False,6,6,0,,,,attribute_to_yard_block,5,5
medium,453400,453400_G018,40,40,HQ,OF,MYTPP,MSK,GP,NORMAL,NORMAL,True,10,2026-05-08 16:00:00,2026-05-09 16:00:00,True,True,28,28-B02,"13,15,17,19,21,23",6,False,6,6,0,,,,attribute_to_yard_block;large_attribute,6,37
medium,453400,453400_G018,40,40,HQ,OF,MYTPP,MSK,GP,NORMAL,NORMAL,True,10,2026-05-08 16:00:00,2026-05-09 16:00:00,True,True,28,28-B03,"25,27,29,31,33,35",6,False,6,6,0,,,,attribute_to_yard_block;large_attribute,7,37
medium,453400,453400_G018,40,40,HQ,OF,MYTPP,MSK,GP,NORMAL,NORMAL,True,10,2026-05-08 16:00:00,2026-05-09 16:00:00,True,True,5A,5A-B01,"01,03,05,07,09,11",6,False,4,4,0,,,,attribute_to_yard_block;large_attribute,11,37
medium,453400,453400_G018,40,40,HQ,OF,MYTPP,MSK,GP,NORMAL,NORMAL,True,10,2026-05-08 16:00:00,2026-05-09 16:00:00,True,True,5A,5A-B02,"13,15,17,19,21,23,25,27,29,31,33,35",12,True,4,4,0,,,,attribute_to_yard_block;large_attribute,5,37
medium,453400,453400_G018,40,40,HQ,OF,MYTPP,MSK,GP,NORMAL,NORMAL,True,10,2026-05-08 16:00:00,2026-05-09 16:00:00,True,True,5A,5A-B03,"37,39,41,43,45,47,49,51,53,55,57",11,True,4,4,0,,,,attribute_to_yard_block;large_attribute,3,37
medium,453400,453400_G018,40,40,HQ,OF,MYTPP,MSK,GP,NORMAL,NORMAL,True,10,2026-05-08 16:00:00,2026-05-09 16:00:00,True,True,5A,5A-B04,"59,61,63,65,67,69,71",7,True,4,4,0,,,,attribute_to_yard_block;large_attribute,5,37
medium,453400,453400_G019,40,40,HQ,OF,MAPTM,MSK,GP,NORMAL,NORMAL,True,10,2026-05-08 16:00:00,2026-05-09 16:00:00,True,True,28,28-B05,"47,49,51,53,55,57,59",7,True,6,6,0,,,,attribute_to_yard_block;large_attribute,5,12
medium,453400,453400_G019,40,40,HQ,OF,MAPTM,MSK,GP,NORMAL,NORMAL,True,10,2026-05-08 16:00:00,2026-05-09 16:00:00,True,True,5A,5A-B04,"59,61,63,65,67,69,71",7,True,4,4,0,,,,attribute_to_yard_block;large_attribute,7,12
medium,453400,453400_G020,40,40,HQ,OF,NLRTM,HLC,GP,NORMAL,NORMAL,False,10,2026-05-08 16:00:00,2026-05-09 16:00:00,True,True,28,28-B03,"25,27,29,31,33,35",6,False,6,6,0,,,,attribute_to_yard_block,1,1
medium,453400,453400_G021,40,40,PQ,OF,MATAT,HLC,GP,NORMAL,NORMAL,False,10,2026-05-08 16:00:00,2026-05-09 16:00:00,True,True,28,28-B05,"47,49,51,53,55,57,59",7,True,6,6,0,,,,attribute_to_yard_block,1,1
medium,453400,453400_G022,40,40,HQ,OF,MATAN,HLC,GP,NORMAL,NORMAL,False,10,2026-05-08 16:00:00,2026-05-09 16:00:00,True,True,5A,5A-B03,"37,39,41,43,45,47,49,51,53,55,57",11,True,4,4,0,,,,attribute_to_yard_block,2,7
medium,453400,453400_G022,40,40,HQ,OF,MATAN,HLC,GP,NORMAL,NORMAL,False,10,2026-05-08 16:00:00,2026-05-09 16:00:00,True,True,5A,5A-B04,"59,61,63,65,67,69,71",7,True,4,4,0,,,,attribute_to_yard_block,5,7
medium,453400,453400_G023,40,40,HQ,OF,DEBRV,HLC,GP,NORMAL,NORMAL,False,10,2026-05-08 16:00:00,2026-05-09 16:00:00,True,True,28,28-B02,"13,15,17,19,21,23",6,False,6,6,0,,,,attribute_to_yard_block,2,2
medium,453400,453400_G024,40,40,HQ,OF,DEWVN,MSK,OT,NORMAL,TYPE_OT,False,10,2026-05-08 16:00:00,2026-05-09 16:00:00,True,True,28,28-B02,"13,15,17,19,21,23",6,False,6,6,0,,,,attribute_to_yard_block,1,1
medium,453400,453400_G025,40,40,HQ,OF,DEWVN,HLC,FR,OV,OV_OG+TYPE_FR,False,10,2026-05-08 16:00:00,2026-05-09 16:00:00,True,True,28,28-B02,"13,15,17,19,21,23",6,False,6,6,0,,,,attribute_to_yard_block;special_stow_soft_preference,1,1
medium,453400,453400_G026,40,40,PQ,OF,MAPTM,MSK,GP,NORMAL,NORMAL,False,10,2026-05-08 16:00:00,2026-05-09 16:00:00,True,True,28,28-B01,"01,03,05,07,09,11",6,False,6,6,0,,,,attribute_to_yard_block,1,1
medium,453400,453400_G027,45,40,HQ,OF,DEWVN,MSK,GP,NORMAL,NORMAL,False,10,2026-05-08 16:00:00,2026-05-09 16:00:00,True,True,28,28-B03,"25,27,29,31,33,35",6,False,6,6,0,,,,attribute_to_yard_block,1,1
medium,453400,453400_G028,40,40,HQ,OF,MYTPP,MSK,FR,OV,OV_OG+TYPE_FR,False,10,2026-05-08 16:00:00,2026-05-09 16:00:00,True,True,28,28-B05,"47,49,51,53,55,57,59",7,True,6,6,0,,,,attribute_to_yard_block;special_stow_soft_preference,1,1
medium,453400,453400_G029,40,40,PQ,OF,DEBRV,MSK,RF,RF,NORMAL,False,10,2026-05-08 16:00:00,2026-05-09 16:00:00,False,True,19,19-B03,"25,27,29,31,33,35",6,False,3,3,0,,,,attribute_to_yard_block;special_stow_soft_preference,1,1
medium,453400,453400_G030,40,40,PQ,OF,DEWVN,HLC,GP,NORMAL,NORMAL,False,10,2026-05-08 16:00:00,2026-05-09 16:00:00,True,True,5A,5A-B04,"59,61,63,65,67,69,71",7,True,4,4,0,,,,attribute_to_yard_block,1,1
