plan_level,voyage_id,flow,port,size,area_no,bay_no,six_bay_block_id,six_bay_block_bays,planned_boxes,document_boxes,forecast_fallback_boxes
medium,453250,OF,CAVA3,40,38,33,38-SB02,29|31|33|35|37|39,2,0,2
medium,453250,OF,COCTG,40,29,33,29-SB03,25|27|29|31|33|35,4,0,4
medium,453250,OF,COCTG,40,5B,01,5B-SB01,01|03|05|07|09|11,10,0,10
medium,453250,OF,COCTG,40,5B,05,5B-SB01,01|03|05|07|09|11,3,3,0
medium,453250,OF,COCTG,40,6A,49,6A-SB04,41|43|45|47|49|51,10,0,10
medium,453250,OF,KRPUS,20,29,51,29-SB05,49|51|53|55|57|59,14,14,0
medium,453250,OF,KRPUS,20,49,07,49-SB01,05|07|09|11|13|15,5,5,0
medium,453250,OF,KRPUS,20,49,09,49-SB01,05|07|09|11|13|15,3,3,0
medium,453250,OF,KRPUS,40,29,53,29-SB05,49|51|53|55|57|59,14,0,14
medium,453250,OF,KRPUS,40,2A,01,2A-SB01,01|03|05|07|09|11,12,0,12
medium,453250,OF,KRPUS,40,2A,09,2A-SB01,01|03|05|07|09|11,26,0,26
medium,453250,OF,KRPUS,40,2A,13,2A-SB02,13|15|17|19|21|23,23,0,23
medium,453250,OF,KRPUS,40,2A,21,2A-SB02,13|15|17|19|21|23,18,0,18
medium,453250,OF,KRPUS,40,2A,25,2A-SB03,25|27|29|31|33|35,15,0,15
medium,453250,OF,KRPUS,40,2A,33,2A-SB03,25|27|29|31|33|35,8,0,8
medium,453250,OF,KRPUS,40,2A,53,2A-SB05,49|51|53|55|57|59,20,0,20
medium,453250,OF,KRPUS,40,2B,61,,,4,4,0
medium,453250,OF,KRPUS,40,49,17,49-SB02,17|19|21|23|25|27,25,0,25
medium,453250,OF,KRPUS,40,49,21,49-SB02,17|19|21|23|25|27,26,0,26
medium,453250,OF,KRPUS,40,49,29,49-SB03,29|31|33|35|37|39,25,0,25
medium,453250,OF,KRPUS,40,49,33,49-SB03,29|31|33|35|37|39,15,4,11
medium,453250,OF,KRPUS,40,49,37,49-SB03,29|31|33|35|37|39,26,0,26
medium,453250,OF,KRPUS,40,5B,09,5B-SB01,01|03|05|07|09|11,6,6,0
medium,453250,OF,KRPUS,40,5B,37,5B-SB03,37|39|41|43|45|47,8,8,0
medium,453250,OF,KRPUS,40,5B,41,5B-SB03,37|39|41|43|45|47,6,6,0
medium,453250,OF,KRPUS,40,69,09,69-SB01,01|03|05|07|09|11,2,2,0
medium,453250,OF,USNW2,40,6A,25,6A-SB02,17|19|21|23|25|27,2,2,0
medium,453250,OF,USNWK,40,38,21,,,3,3,0
medium,453250,OF,USNWK,40,5B,01,5B-SB01,01|03|05|07|09|11,13,0,13
medium,453250,OF,USNWK,40,6A,25,6A-SB02,17|19|21|23|25|27,1,0,1
medium,453250,OF,USNWK,40,E9,91,,,3,3,0
medium,453250,OF,USNYC,20,49,09,49-SB01,05|07|09|11|13|15,1,1,0
medium,453250,OF,USNYC,20,6A,05,6A-SB01,01|03|05|07|09|11,1,1,0
medium,453250,OF,USNYC,40,28,17,28-SB01,13|15|17|19|21|23,2,2,0
medium,453250,OF,USNYC,40,28,37,,,2,2,0
medium,453250,OF,USNYC,40,29,21,29-SB02,13|15|17|19|21|23,2,0,2
medium,453250,OF,USNYC,40,29,33,29-SB03,25|27|29|31|33|35,4,0,4
medium,453250,OF,USNYC,40,2A,33,2A-SB03,25|27|29|31|33|35,4,3,1
medium,453250,OF,USNYC,40,5B,37,5B-SB03,37|39|41|43|45|47,2,1,1
medium,453250,OF,USNYC,40,5B,49,5B-SB04,49|51|53|55|57|59,9,0,9
medium,453250,OF,USNYC,40,5B,53,5B-SB04,49|51|53|55|57|59,12,0,12
medium,453250,OF,USORF,20,5B,19,,,2,2,0
medium,453250,OF,USORF,40,29,33,29-SB03,25|27|29|31|33|35,4,0,4
medium,453250,OF,USORF,40,5B,01,5B-SB01,01|03|05|07|09|11,3,0,3
medium,453250,OF,USORF,40,5B,09,5B-SB01,01|03|05|07|09|11,3,0,3
medium,453250,OF,USORF,40,5B,49,5B-SB04,49|51|53|55|57|59,17,0,17
medium,453250,OF,USORF,40,E9,91,,,3,3,0
medium,453308,OF,ESBCN,20,1A,25,,,1,1,0
medium,453308,OF,ESBCN,20,1A,35,1A-SB03,31|33|35|37|39|41,1,1,0
medium,453308,OF,ESBCN,20,1A,55,,,10,10,0
medium,453308,OF,ESBCN,20,6A,11,6A-SB01,01|03|05|07|09|11,1,1,0
medium,453308,OF,ESBCN,20,89,23,89-SB01,13|15|17|19|21|23,8,8,0
medium,453308,OF,ESBCN,20,89,49,89-SB04,49|51|53|55|57|59,1,1,0
medium,453308,OF,ESBCN,40,EE,91,,,5,5,0
medium,453308,OF,ESVLC,20,29,31,29-SB03,25|27|29|31|33|35,4,4,0
medium,453308,OF,ESVLC,20,6A,11,6A-SB01,01|03|05|07|09|11,9,9,0
medium,453308,OF,ESVLC,20,6A,63,6A-SB05,53|55|57|59|61|63,16,16,0
medium,453308,OF,ESVLC,20,89,51,89-SB04,49|51|53|55|57|59,1,1,0
medium,453308,OF,ESVLC,40,6A,33,6A-SB03,29|31|33|35|37|39,1,1,0
medium,453308,OF,ESVLC,40,EE,91,,,4,4,0
medium,453308,OF,ITGOA,20,1A,55,,,7,7,0
medium,453308,OF,ITGOA,20,89,49,89-SB04,49|51|53|55|57|59,6,6,0
medium,453308,OF,ITGOA,40,6A,33,6A-SB03,29|31|33|35|37|39,1,1,0
medium,453308,OF,ITGOA,40,6A,69,,,3,3,0
medium,453308,OF,ITGOA,40,EE,19,EE-SB02,19|21|23|25|27|29,2,2,0
medium,453308,OF,ITSPE,20,89,17,89-SB01,13|15|17|19|21|23,1,1,0
medium,453308,OF,ITSPE,40,EE,19,EE-SB02,19|21|23|25|27|29,1,1,0
medium,453308,OF,ITSPE,40,EE,91,,,1,1,0
medium,453308,OF,MAMED,20,1A,55,,,3,2,1
medium,453308,OF,MAMED,40,89,33,89-SB02,25|27|29|31|33|35,2,1,1
medium,453308,OF,MAMED,40,89,53,89-SB04,49|51|53|55|57|59,2,0,2
medium,453308,OF,MAMED,40,EE,91,,,2,0,2
medium,453308,OF,MAMED,40,EE,95,,,1,0,1
medium,453308,OF,MYTPP,20,1A,53,1A-SB04,43|45|47|49|51|53,2,2,0
medium,453308,OF,MYTPP,20,1A,55,,,5,5,0
medium,453308,OF,MYTPP,20,29,31,29-SB03,25|27|29|31|33|35,5,5,0
medium,453308,OF,MYTPP,20,6A,11,6A-SB01,01|03|05|07|09|11,2,2,0
medium,453308,OF,MYTPP,20,6A,63,6A-SB05,53|55|57|59|61|63,5,5,0
medium,453308,OF,MYTPP,20,7A,53,,,3,3,0
medium,453308,OF,MYTPP,20,89,23,89-SB01,13|15|17|19|21|23,3,3,0
medium,453308,OF,MYTPP,40,EE,91,,,8,8,0
medium,453324,OF,USLAX,20,28,45,28-SB02,45|47|49|51|53|55,1,1,0
medium,453324,OF,USLAX,20,29,31,29-SB03,25|27|29|31|33|35,1,1,0
medium,453324,OF,USLAX,40,28,01,,,5,5,0
medium,453324,OF,USLAX,40,38,37,38-SB02,29|31|33|35|37|39,2,2,0
medium,453324,OF,USLAX,40,4J,01,4J-SB01,01|03|05|07|09|11,2,2,0
medium,453324,OF,USLSA,40,28,33,,,2,2,0
medium,453324,OF,USOAK,40,28,01,,,2,0,2
medium,453324,OF,USOAK,40,38,37,38-SB02,29|31|33|35|37|39,8,0,8
medium,453324,OF,USOAK,40,4J,01,4J-SB01,01|03|05|07|09|11,4,0,4
medium,453324,OF,USOAK,40,4J,61,,,1,0,1
medium,453324,OF,USPS2,40,4J,01,4J-SB01,01|03|05|07|09|11,1,1,0
medium,453352,OF,JPNGO,20,5A,69,5A-SB06,61|63|65|67|69|71,1,0,1
medium,453352,OF,JPNGO,20,8A,05,8A-SB01,01|03|05|07|09|11,16,0,16
medium,453352,OF,JPNGO,40,89,33,89-SB02,25|27|29|31|33|35,3,0,3
medium,453352,OF,JPNGO,40,E9,15,E9-SB01,C9|D9|11|13|15|17,4,0,4
medium,453352,OF,JPNGO,40,E9,51,E9-SB04,43|45|47|49|51|53,9,7,2
medium,453352,OF,JPNGO,40,E9,63,E9-SB05,55|57|59|61|63|65,1,1,0
medium,453352,OF,JPNGO,40,E9,67,E9-SB06,67|69|71|73|75|77,3,0,3
medium,453352,OF,JPNGO,40,E9,95,,,12,0,12
medium,453352,OF,JPUKB,20,5A,69,5A-SB06,61|63|65|67|69|71,1,0,1
medium,453352,OF,JPUKB,20,89,51,89-SB04,49|51|53|55|57|59,25,0,25
medium,453352,OF,JPUKB,20,8A,05,8A-SB01,01|03|05|07|09|11,5,0,5
medium,453352,OF,JPUKB,40,2C,13,2C-SB02,13|15|17|19|21|23,9,0,9
medium,453352,OF,JPUKB,40,2C,25,2C-SB03,25|27|29|31|33|35,10,0,10
medium,453352,OF,JPUKB,40,2C,41,2C-SB04,37|39|41|43|45|47,3,3,0
medium,453352,OF,JPUKB,40,2C,49,2C-SB05,49|51|53|55|57|59,5,0,5
medium,453352,OF,JPUKB,40,2C,53,2C-SB05,49|51|53|55|57|59,13,0,13
medium,453352,OF,JPUKB,40,2C,57,2C-SB05,49|51|53|55|57|59,13,0,13
medium,453352,OF,JPUKB,40,2C,61,,,10,0,10
medium,453352,OF,JPUKB,40,6B,13,6B-SB02,13|15|17|19|21|23,1,0,1
medium,453352,OF,JPUKB,40,6B,33,6B-SB03,25|27|29|31|33|35,5,0,5
medium,453352,OF,JPUKB,40,6B,65,6B-SB04,57|59|61|63|65|67,16,0,16
medium,453352,OF,JPUKB,40,89,33,89-SB02,25|27|29|31|33|35,3,0,3
medium,453352,OF,JPUKB,40,89,37,89-SB03,37|39|41|43|45|47,3,0,3
medium,453352,OF,JPUKB,40,89,45,89-SB03,37|39|41|43|45|47,4,0,4
medium,453352,OF,JPUKB,40,89,65,89-SB05,61|63|65|67|69|71,4,0,4
medium,453352,OF,JPUKB,40,8A,21,8A-SB02,13|15|17|19|21|23,3,0,3
medium,453352,OF,JPUKB,40,8A,37,8A-SB04,37|39|41|43|45|47,12,0,12
medium,453352,OF,JPUKB,40,8A,65,8A-SB06,61|63|65|67|69|71,10,0,10
medium,453356,OF,MXLZC,20,28,21,28-SB01,13|15|17|19|21|23,1,0,1
medium,453356,OF,MXLZC,20,28,45,28-SB02,45|47|49|51|53|55,10,0,10
medium,453356,OF,MXLZC,20,28,51,28-SB02,45|47|49|51|53|55,5,0,5
medium,453356,OF,MXLZC,20,29,31,29-SB03,25|27|29|31|33|35,1,0,1
medium,453356,OF,MXLZC,20,29,51,29-SB05,49|51|53|55|57|59,12,0,12
medium,453356,OF,MXLZC,20,39,09,,,3,0,3
medium,453356,OF,MXLZC,20,3A,11,3A-SB01,05|07|09|11|13|15,1,0,1
medium,453356,OF,MXLZC,40,1B,49,,,1,0,1
medium,453356,OF,MXLZC,40,28,61,,,25,0,25
medium,453356,OF,MXLZC,40,29,21,29-SB02,13|15|17|19|21|23,5,0,5
medium,453356,OF,MXLZC,40,29,33,29-SB03,25|27|29|31|33|35,4,0,4
medium,453356,OF,MXLZC,40,29,53,29-SB05,49|51|53|55|57|59,4,0,4
medium,453356,OF,MXLZC,40,2A,33,2A-SB03,25|27|29|31|33|35,1,0,1
medium,453356,OF,MXLZC,40,3D,05,3D-SB01,05|07|09|11|13|15,19,0,19
medium,453356,OF,MXLZC,40,3D,13,3D-SB01,05|07|09|11|13|15,12,0,12
medium,453356,OF,MXLZC,40,3D,61,3D-SB05,53|55|57|59|61|63,8,0,8
medium,453356,OF,MXLZC,45,39,61,,,1,0,1
medium,453356,OF,USCHS,20,28,21,28-SB01,13|15|17|19|21|23,1,1,0
medium,453356,OF,USCHS,20,29,27,29-SB03,25|27|29|31|33|35,26,0,26
medium,453356,OF,USCHS,20,29,29,29-SB03,25|27|29|31|33|35,26,0,26
medium,453356,OF,USCHS,20,29,31,29-SB03,25|27|29|31|33|35,10,2,8
medium,453356,OF,USCHS,40,28,53,28-SB02,45|47|49|51|53|55,1,0,1
medium,453356,OF,USCHS,40,ED,11,ED-SB01,D9|E9|11|13|15|17,13,0,13
medium,453356,OF,USCHS,40,ED,95,,,12,0,12
medium,453356,OF,USCHS,45,38,05,38-SB01,05|07|09|11|13|15,1,0,1
medium,453356,OF,USNW2,45,38,05,38-SB01,05|07|09|11|13|15,1,0,1
medium,453356,OF,USNYC,20,2A,31,2A-SB03,25|27|29|31|33|35,20,0,20
medium,453356,OF,USNYC,20,39,09,,,3,0,3
medium,453356,OF,USNYC,20,39,11,,,3,0,3
medium,453356,OF,USNYC,40,28,37,,,8,2,6
medium,453356,OF,USNYC,40,3D,05,3D-SB01,05|07|09|11|13|15,2,0,2
medium,453356,OF,USNYC,40,3D,09,3D-SB01,05|07|09|11|13|15,2,1,1
medium,453356,OF,USSA3,20,2A,05,2A-SB01,01|03|05|07|09|11,13,0,13
medium,453356,OF,USSA3,40,3D,09,3D-SB01,05|07|09|11|13|15,7,1,6
medium,453356,OF,USSAV,20,28,23,28-SB01,13|15|17|19|21|23,26,0,26
medium,453356,OF,USSAV,20,28,47,28-SB02,45|47|49|51|53|55,26,0,26
medium,453356,OF,USSAV,20,28,51,28-SB02,45|47|49|51|53|55,15,4,11
medium,453356,OF,USSAV,40,28,53,28-SB02,45|47|49|51|53|55,1,0,1
medium,453356,OF,USSAV,40,29,33,29-SB03,25|27|29|31|33|35,1,0,1
medium,453356,OF,USSAV,40,E7,31,E7-SB03,31|33|35|37|39|41,14,0,14
medium,453356,OF,USSAV,40,E7,35,E7-SB03,31|33|35|37|39|41,6,0,6
medium,453356,OF,USSAV,40,E7,87,E7-SB06,79|81|83|85|87|89,8,0,8
medium,453356,OF,USSAV,40,E7,91,,,10,0,10
medium,453356,OF,USSAV,45,38,05,38-SB01,05|07|09|11|13|15,1,0,1
medium,453356,OF,USSAV,45,3A,05,3A-SB01,05|07|09|11|13|15,2,0,2
medium,453388,OF,CAVA2,20,2B,57,,,13,13,0
medium,453388,OF,CAVA2,20,4A,53,4A-SB05,49|51|53|55|57|59,4,4,0
medium,453388,OF,CAVA2,20,4A,55,4A-SB05,49|51|53|55|57|59,1,1,0
medium,453388,OF,CAVA2,20,4B,13,4B-SB02,13|15|17|19|21|23,2,2,0
medium,453388,OF,CAVA2,40,3C,05,3C-SB01,05|07|09|11|13|15,1,1,0
medium,453388,OF,CAVA2,40,4A,25,4A-SB03,25|27|29|31|33|35,5,5,0
medium,453388,OF,CAVA2,40,4B,09,4B-SB01,01|03|05|07|09|11,25,25,0
medium,453388,OF,CAVA2,40,4B,45,4B-SB04,37|39|41|43|45|47,13,13,0
medium,453388,OF,CAVA2,40,4B,49,4B-SB05,49|51|53|55|57|59,5,5,0
medium,453388,OF,CAVA2,40,4B,57,4B-SB05,49|51|53|55|57|59,8,8,0
medium,453388,OF,CAVA3,20,19,05,,,12,12,0
medium,453388,OF,CAVA3,20,19,15,19-SB01,15|17|19|21|23|25,26,26,0
medium,453388,OF,CAVA3,20,2B,21,2B-SB02,21|23|25|27|29|31,4,4,0
medium,453388,OF,CAVA3,20,2B,23,2B-SB02,21|23|25|27|29|31,4,4,0
medium,453388,OF,CAVA3,20,2B,31,2B-SB02,21|23|25|27|29|31,4,4,0
medium,453388,OF,CAVA3,20,2B,37,2B-SB03,33|35|37|39|41|43,20,20,0
medium,453388,OF,CAVA3,20,2B,57,,,5,5,0
medium,453388,OF,CAVA3,20,2B,59,,,10,10,0
medium,453388,OF,CAVA3,20,4A,55,4A-SB05,49|51|53|55|57|59,3,3,0
medium,453388,OF,CAVA3,20,69,35,69-SB03,25|27|29|31|33|35,26,26,0
medium,453388,OF,CAVA3,20,69,43,69-SB04,37|39|41|43|45|47,26,26,0
medium,453388,OF,CAVA3,40,2B,33,2B-SB03,33|35|37|39|41|43,4,4,0
medium,453388,OF,CAVA3,40,3C,05,3C-SB01,05|07|09|11|13|15,1,1,0
medium,453388,OF,CAVA3,40,4A,01,4A-SB01,01|03|05|07|09|11,5,5,0
medium,453388,OF,CAVA3,40,4A,09,4A-SB01,01|03|05|07|09|11,6,6,0
medium,453388,OF,CAVA3,40,4A,21,4A-SB02,13|15|17|19|21|23,4,4,0
medium,453388,OF,CAVA3,40,4A,25,4A-SB03,25|27|29|31|33|35,5,5,0
medium,453388,OF,CAVA3,40,4A,33,4A-SB03,25|27|29|31|33|35,2,2,0
medium,453388,OF,CAVA3,40,4B,01,4B-SB01,01|03|05|07|09|11,19,19,0
medium,453388,OF,CAVA3,40,4B,05,4B-SB01,01|03|05|07|09|11,25,25,0
medium,453388,OF,CAVA3,40,4B,21,4B-SB02,13|15|17|19|21|23,15,15,0
medium,453388,OF,CAVA3,40,4B,41,4B-SB04,37|39|41|43|45|47,10,10,0
medium,453388,OF,CAVA3,40,4B,57,4B-SB05,49|51|53|55|57|59,3,3,0
medium,453388,OF,CAVA3,40,4B,61,,,25,25,0
medium,453388,OF,CAVAN,20,19,05,,,6,6,0
medium,453388,OF,CAVAN,20,19,37,19-SB02,33|35|37|39|41|43,26,26,0
medium,453388,OF,CAVAN,20,2B,57,,,5,5,0
medium,453388,OF,CAVAN,20,4A,53,4A-SB05,49|51|53|55|57|59,4,4,0
medium,453388,OF,CAVAN,20,4B,15,4B-SB02,13|15|17|19|21|23,5,5,0
medium,453388,OF,CAVAN,40,19,21,19-SB01,15|17|19|21|23|25,3,3,0
medium,453388,OF,CAVAN,40,2B,13,,,3,3,0
medium,453388,OF,CAVAN,40,2B,33,2B-SB03,33|35|37|39|41|43,4,4,0
medium,453388,OF,CAVAN,40,2B,53,2B-SB04,45|47|49|51|53|55,6,6,0
medium,453388,OF,CAVAN,40,3C,05,3C-SB01,05|07|09|11|13|15,1,1,0
medium,453388,OF,CAVAN,40,4A,13,4A-SB02,13|15|17|19|21|23,10,10,0
medium,453388,OF,CAVAN,40,4B,01,4B-SB01,01|03|05|07|09|11,5,5,0
medium,453388,OF,CAVAN,40,4B,21,4B-SB02,13|15|17|19|21|23,10,10,0
medium,453388,OF,CAVAN,40,4B,37,4B-SB04,37|39|41|43|45|47,7,7,0
medium,453388,OF,CAVAN,40,4B,41,4B-SB04,37|39|41|43|45|47,6,6,0
medium,453388,OF,CAVAN,40,4B,49,4B-SB05,49|51|53|55|57|59,11,11,0
medium,453388,OF,CAVAN,40,4B,57,4B-SB05,49|51|53|55|57|59,5,5,0
medium,453388,OF,CAVAN,40,69,53,69-SB05,49|51|53|55|57|59,1,1,0
medium,453388,OF,CAVAN,45,69,01,69-SB01,01|03|05|07|09|11,9,9,0
medium,453388,OF,KRPUS,20,2B,29,2B-SB02,21|23|25|27|29|31,1,1,0
medium,453388,OF,KRPUS,40,2B,61,,,2,2,0
medium,453388,OF,KRPUS,40,4B,17,4B-SB02,13|15|17|19|21|23,26,0,26
medium,453388,OF,KRPUS,40,4B,21,4B-SB02,13|15|17|19|21|23,1,0,1
medium,453388,OF,USTIW,20,4B,13,4B-SB02,13|15|17|19|21|23,9,9,0
medium,453388,OF,USTIW,40,19,21,19-SB01,15|17|19|21|23|25,3,3,0
medium,453388,OF,USTIW,40,2B,13,,,3,3,0
medium,453388,OF,USTIW,40,2B,33,2B-SB03,33|35|37|39|41|43,2,2,0
medium,453388,OF,USTIW,40,3C,05,3C-SB01,05|07|09|11|13|15,3,3,0
medium,453388,OF,USTIW,40,4A,37,4A-SB04,37|39|41|43|45|47,20,20,0
medium,453388,OF,USTIW,40,4A,41,4A-SB04,37|39|41|43|45|47,4,4,0
medium,453388,OF,USTIW,40,4B,25,4B-SB03,25|27|29|31|33|35,7,7,0
medium,453388,OF,USTIW,40,4B,41,4B-SB04,37|39|41|43|45|47,10,10,0
medium,453388,OF,USTIW,40,4B,45,4B-SB04,37|39|41|43|45|47,13,13,0
medium,453388,OF,USTIW,40,69,37,69-SB04,37|39|41|43|45|47,4,4,0
medium,453388,OF,USTIW,40,69,45,69-SB04,37|39|41|43|45|47,1,1,0
medium,453388,OF,USTIW,40,69,57,69-SB05,49|51|53|55|57|59,2,2,0
medium,453388,OF,USTIW,40,69,65,69-SB06,61|63|65|67|69|71,11,11,0
medium,453388,OF,USTW1,40,2D,13,,,1,1,0
medium,453388,OF,USTW1,40,3C,05,3C-SB01,05|07|09|11|13|15,2,2,0
medium,453388,OF,USTW1,40,4B,49,4B-SB05,49|51|53|55|57|59,8,8,0
medium,453388,OF,USTW1,40,4B,57,4B-SB05,49|51|53|55|57|59,9,9,0
medium,453388,OF,USTW2,20,2B,31,2B-SB02,21|23|25|27|29|31,9,9,0
medium,453388,OF,USTW2,20,2B,59,,,5,5,0
medium,453388,OF,USTW2,20,4B,13,4B-SB02,13|15|17|19|21|23,2,2,0
medium,453388,OF,USTW2,40,19,21,19-SB01,15|17|19|21|23|25,3,3,0
medium,453388,OF,USTW2,40,2B,13,,,3,3,0
medium,453388,OF,USTW2,40,3C,05,3C-SB01,05|07|09|11|13|15,3,3,0
medium,453388,OF,USTW2,40,4B,25,4B-SB03,25|27|29|31|33|35,19,19,0
medium,453388,OF,USTW2,40,4B,37,4B-SB04,37|39|41|43|45|47,19,19,0
medium,453388,OF,USTW2,40,69,49,69-SB05,49|51|53|55|57|59,9,9,0
medium,453388,OF,USTW2,40,69,57,69-SB05,49|51|53|55|57|59,15,15,0
medium,453396,OF,DEBRV,20,8A,59,8A-SB05,49|51|53|55|57|59,1,1,0
medium,453396,OF,DEBRV,40,1C,01,1C-SB01,01|03|05|07|09|11,1,1,0
medium,453396,OF,DEBRV,40,1C,53,,,16,16,0
medium,453396,OF,DEBRV,40,38,09,38-SB01,05|07|09|11|13|15,3,3,0
medium,453396,OF,DEWVN,20,6B,57,6B-SB04,57|59|61|63|65|67,2,2,0
medium,453396,OF,DEWVN,20,8A,59,8A-SB05,49|51|53|55|57|59,9,9,0
medium,453396,OF,DEWVN,40,6B,45,,,7,7,0
medium,453396,OF,GBLGP,20,8A,59,8A-SB05,49|51|53|55|57|59,1,0,1
medium,453396,OF,GBLGP,40,1K,05,1K-SB01,05|07|09|11|13|15,3,0,3
medium,453396,OF,GBLGP,40,6B,33,6B-SB03,25|27|29|31|33|35,4,0,4
medium,453396,OF,GBLGP,40,89,33,89-SB02,25|27|29|31|33|35,3,0,3
medium,453396,OF,GBLGP,40,8A,37,8A-SB04,37|39|41|43|45|47,3,0,3
medium,453396,OF,GBLGP,40,8A,65,8A-SB06,61|63|65|67|69|71,5,0,5
medium,453396,OF,GBLGP,40,E9,15,E9-SB01,C9|D9|11|13|15|17,2,0,2
medium,453396,OF,GBLGP,40,E9,95,,,12,0,12
medium,453396,OF,MAPTM,20,6B,23,6B-SB02,13|15|17|19|21|23,1,1,0
medium,453396,OF,MAPTM,20,8A,57,8A-SB05,49|51|53|55|57|59,3,3,0
medium,453396,OF,MAPTM,40,6B,49,,,2,2,0
medium,453396,OF,MATAT,40,6B,69,,,2,2,0
medium,453396,OF,MYTPP,20,8A,11,8A-SB01,01|03|05|07|09|11,2,2,0
medium,453396,OF,MYTPP,40,1K,05,1K-SB01,05|07|09|11|13|15,2,2,0
medium,453396,OF,MYTPP,40,4A,13,4A-SB02,13|15|17|19|21|23,3,3,0
medium,453396,OF,MYTPP,40,89,53,89-SB04,49|51|53|55|57|59,7,7,0
medium,453396,OF,MYTPP,40,EE,11,EE-SB01,D9|E9|11|13|15|17,3,3,0
medium,453396,OF,NLRTM,40,6B,25,6B-SB03,25|27|29|31|33|35,1,1,0
medium,453412,OF,BEANR,40,49,13,49-SB01,05|07|09|11|13|15,20,20,0
medium,453412,OF,BEANR,40,6B,13,6B-SB02,13|15|17|19|21|23,1,1,0
medium,453412,OF,BEANR,40,6B,33,6B-SB03,25|27|29|31|33|35,3,3,0
medium,453412,OF,DEHAM,20,49,07,49-SB01,05|07|09|11|13|15,8,8,0
medium,453412,OF,DEHAM,40,49,41,49-SB04,41|43|45|47|49|51,2,2,0
medium,453412,OF,DEHAM,40,49,49,49-SB04,41|43|45|47|49|51,25,25,0
medium,453412,OF,DEHAM,40,4J,01,4J-SB01,01|03|05|07|09|11,2,2,0
medium,453412,OF,DEHAM,40,6B,01,6B-SB01,01|03|05|07|09|11,14,14,0
medium,453412,OF,DEHAM,40,6B,05,6B-SB01,01|03|05|07|09|11,4,4,0
medium,453412,OF,DEHAM,40,6B,33,6B-SB03,25|27|29|31|33|35,7,7,0
medium,453412,OF,DEWVN,40,49,53,49-SB05,53|55|57|59|61|63,4,0,4
medium,453412,OF,DEWVN,40,49,57,49-SB05,53|55|57|59|61|63,26,0,26
medium,453412,OF,DEWVN,40,4J,05,4J-SB01,01|03|05|07|09|11,1,0,1
medium,453412,OF,GBLGP,40,6B,33,6B-SB03,25|27|29|31|33|35,1,1,0
medium,453412,OF,MYTPP,20,49,07,49-SB01,05|07|09|11|13|15,5,5,0
medium,453412,OF,MYTPP,20,49,11,49-SB01,05|07|09|11|13|15,2,2,0
medium,453412,OF,MYTPP,40,49,13,49-SB01,05|07|09|11|13|15,5,5,0
medium,453412,OF,MYTPP,40,49,33,49-SB03,29|31|33|35|37|39,10,10,0
medium,453412,OF,MYTPP,40,49,53,49-SB05,53|55|57|59|61|63,5,5,0
medium,453412,OF,MYTPP,40,4J,05,4J-SB01,01|03|05|07|09|11,2,2,0
medium,453412,OF,MYTPP,40,6B,01,6B-SB01,01|03|05|07|09|11,9,9,0
medium,453412,OF,MYTPP,40,6B,25,6B-SB03,25|27|29|31|33|35,1,1,0
medium,453412,OF,NLR10,40,6B,33,6B-SB03,25|27|29|31|33|35,3,3,0
medium,453412,OF,NLRTM,20,49,09,49-SB01,05|07|09|11|13|15,5,5,0
medium,453412,OF,NLRTM,20,49,11,49-SB01,05|07|09|11|13|15,1,1,0
medium,453412,OF,NLRTM,40,49,53,49-SB05,53|55|57|59|61|63,15,15,0
medium,453412,OF,NLRTM,40,4J,01,4J-SB01,01|03|05|07|09|11,3,3,0
medium,453412,OF,NLRTM,40,6B,05,6B-SB01,01|03|05|07|09|11,11,11,0
medium,453412,OF,NLRTM,40,6B,09,6B-SB01,01|03|05|07|09|11,24,24,0
medium,453416,OF,EGPSD,20,59,53,59-SB05,49|51|53|55|57|59,3,3,0
medium,453416,OF,EGPSD,20,59,55,59-SB05,49|51|53|55|57|59,26,0,26
medium,453416,OF,EGPSD,20,5A,05,5A-SB01,01|03|05|07|09|11,26,0,26
medium,453416,OF,EGPSD,20,5A,07,5A-SB01,01|03|05|07|09|11,26,0,26
medium,453416,OF,EGPSD,20,5A,09,5A-SB01,01|03|05|07|09|11,8,0,8
medium,453416,OF,EGPSD,20,5A,13,5A-SB02,13|15|17|19|21|23,2,2,0
medium,453416,OF,EGPSD,20,5A,15,5A-SB02,13|15|17|19|21|23,15,15,0
medium,453416,OF,EGPSD,20,5A,17,5A-SB02,13|15|17|19|21|23,2,2,0
medium,453416,OF,EGPSD,40,2A,41,2A-SB04,37|39|41|43|45|47,5,5,0
medium,453416,OF,EGPSD,40,2A,45,2A-SB04,37|39|41|43|45|47,2,2,0
medium,453416,OF,EGPSD,40,2A,53,2A-SB05,49|51|53|55|57|59,2,2,0
medium,453416,OF,EGPSD,40,38,17,,,2,2,0
medium,453416,OF,EGPSD,40,38,53,38-SB03,45|47|49|51|53|55,2,2,0
medium,453416,OF,EGPSD,40,4A,01,4A-SB01,01|03|05|07|09|11,7,7,0
medium,453416,OF,EGPSD,40,4A,25,4A-SB03,25|27|29|31|33|35,4,4,0
medium,453416,OF,EGPSD,40,4A,49,4A-SB05,49|51|53|55|57|59,23,23,0
medium,453416,OF,EGPSD,40,4J,61,,,24,24,0
medium,453416,OF,EGPSD,40,5A,33,5A-SB03,25|27|29|31|33|35,14,14,0
medium,453416,OF,EGPSD,40,5A,45,5A-SB04,37|39|41|43|45|47,6,6,0
medium,453416,OF,EGPSD,40,5A,57,5A-SB05,49|51|53|55|57|59,8,8,0
medium,453416,OF,EGPSD,40,5A,61,5A-SB06,61|63|65|67|69|71,26,26,0
medium,453416,OF,EGPSD,40,5A,65,5A-SB06,61|63|65|67|69|71,26,26,0
medium,453416,OF,HRRJ3,40,EB,97,,,1,1,0
medium,453416,OF,HRRJK,20,59,13,59-SB02,13|15|17|19|21|23,15,15,0
medium,453416,OF,HRRJK,20,59,23,59-SB02,13|15|17|19|21|23,4,4,0
medium,453416,OF,HRRJK,20,59,53,59-SB05,49|51|53|55|57|59,3,3,0
medium,453416,OF,HRRJK,20,5A,09,5A-SB01,01|03|05|07|09|11,14,14,0
medium,453416,OF,HRRJK,20,5A,17,5A-SB02,13|15|17|19|21|23,8,8,0
medium,453416,OF,HRRJK,20,5A,19,5A-SB02,13|15|17|19|21|23,3,3,0
medium,453416,OF,HRRJK,40,1C,53,,,10,10,0
medium,453416,OF,HRRJK,40,2A,37,2A-SB04,37|39|41|43|45|47,15,15,0
medium,453416,OF,HRRJK,40,2A,41,2A-SB04,37|39|41|43|45|47,4,4,0
medium,453416,OF,HRRJK,40,2K,05,,,15,15,0
medium,453416,OF,HRRJK,40,2K,17,2K-SB01,17|19|21|23|25|27,6,6,0
medium,453416,OF,HRRJK,40,2K,21,2K-SB01,17|19|21|23|25|27,1,1,0
medium,453416,OF,HRRJK,40,2K,25,2K-SB01,17|19|21|23|25|27,4,4,0
medium,453416,OF,HRRJK,40,2K,37,2K-SB02,29|31|33|35|37|39,5,5,0
medium,453416,OF,HRRJK,40,2K,53,,,2,2,0
medium,453416,OF,HRRJK,40,38,37,38-SB02,29|31|33|35|37|39,2,2,0
medium,453416,OF,HRRJK,40,4A,13,4A-SB02,13|15|17|19|21|23,5,5,0
medium,453416,OF,HRRJK,40,59,37,59-SB04,37|39|41|43|45|47,3,3,0
medium,453416,OF,MYTPP,20,59,29,59-SB03,25|27|29|31|33|35,6,6,0
medium,453416,OF,MYTPP,20,59,69,59-SB06,61|63|65|67|69|71,3,2,1
medium,453416,OF,MYTPP,40,2A,41,2A-SB04,37|39|41|43|45|47,1,1,0
medium,453416,OF,MYTPP,40,2A,45,2A-SB04,37|39|41|43|45|47,15,15,0
medium,453416,OF,MYTPP,40,2A,61,,,8,3,5
medium,453416,OF,MYTPP,40,38,09,38-SB01,05|07|09|11|13|15,2,2,0
medium,453416,OF,MYTPP,40,38,53,38-SB03,45|47|49|51|53|55,1,1,0
medium,453416,OF,MYTPP,40,4A,01,4A-SB01,01|03|05|07|09|11,10,10,0
medium,453416,OF,MYTPP,40,4A,05,4A-SB01,01|03|05|07|09|11,20,20,0
medium,453416,OF,MYTPP,40,4A,13,4A-SB02,13|15|17|19|21|23,2,2,0
medium,453416,OF,MYTPP,40,5A,49,5A-SB05,49|51|53|55|57|59,26,0,26
medium,453416,OF,MYTPP,40,5A,53,5A-SB05,49|51|53|55|57|59,26,0,26
medium,453416,OF,MYTPP,40,5A,57,5A-SB05,49|51|53|55|57|59,18,0,18
medium,453416,OF,MYTPP,40,5E,01,5E-SB01,01|03|05|07|09|11,13,13,0
medium,453416,OF,MYTPP,40,5F,49,5F-SB04,45|47|49|51|53|55,9,9,0
medium,453416,OF,SIKOP,20,38,13,38-SB01,05|07|09|11|13|15,1,1,0
medium,453416,OF,SIKOP,20,5A,15,5A-SB02,13|15|17|19|21|23,7,7,0
medium,453416,OF,SIKOP,20,5A,19,5A-SB02,13|15|17|19|21|23,3,3,0
medium,453416,OF,SIKOP,40,2A,61,,,14,14,0
medium,453416,OF,SIKOP,40,3A,37,3A-SB03,29|31|33|35|37|39,1,1,0
medium,453416,OF,SIKOP,40,4A,09,4A-SB01,01|03|05|07|09|11,9,9,0
medium,453416,OF,SIKOP,40,4A,21,4A-SB02,13|15|17|19|21|23,20,20,0
medium,453416,OF,SIKOP,40,4A,25,4A-SB03,25|27|29|31|33|35,5,5,0
medium,453416,OF,SIKOP,40,4A,29,4A-SB03,25|27|29|31|33|35,24,24,0
medium,453416,OF,SIKOP,40,4A,33,4A-SB03,25|27|29|31|33|35,15,15,0
medium,453416,OF,SIKOP,40,4A,37,4A-SB04,37|39|41|43|45|47,1,1,0
medium,453416,OF,SIKOP,40,4A,41,4A-SB04,37|39|41|43|45|47,13,13,0
medium,453416,OF,SIKOP,40,EB,93,,,7,7,0
medium,453416,OF,SIKOP,40,EB,97,,,4,4,0
medium,454549,OF,HRRJK,40,3A,21,3A-SB02,17|19|21|23|25|27,3,0,3
medium,454549,OF,HRRJK,40,5C,13,,,4,0,4
medium,454549,OF,ILHFA,20,69,15,69-SB02,13|15|17|19|21|23,2,2,0
medium,454549,OF,ILHFA,40,1A,05,1A-SB01,01|03|05|07|09|11,6,0,6
medium,454549,OF,ILHFA,40,1A,37,1A-SB03,31|33|35|37|39|41,4,0,4
medium,454549,OF,ILHFA,40,1A,45,1A-SB04,43|45|47|49|51|53,4,0,4
medium,454549,OF,ILHFA,40,1A,49,1A-SB04,43|45|47|49|51|53,4,0,4
medium,454549,OF,ILHFA,40,3A,17,3A-SB02,17|19|21|23|25|27,3,0,3
medium,454549,OF,ILHFA,40,3A,21,3A-SB02,17|19|21|23|25|27,2,0,2
medium,454549,OF,ILHFA,40,3A,37,3A-SB03,29|31|33|35|37|39,1,0,1
medium,454549,OF,ILHFA,40,3A,45,,,1,0,1
medium,454549,OF,ILHFA,40,5F,13,5F-SB01,05|07|09|11|13|15,5,3,2
medium,454549,OF,ILHFA,40,5F,61,,,12,0,12
medium,454549,OF,ILHFA,40,69,49,69-SB05,49|51|53|55|57|59,9,0,9
medium,454549,OF,ILHFA,40,69,53,69-SB05,49|51|53|55|57|59,20,0,20
medium,454549,OF,ITTRS,40,1A,45,1A-SB04,43|45|47|49|51|53,4,0,4
medium,454549,OF,ITTRS,40,1A,49,1A-SB04,43|45|47|49|51|53,2,0,2
medium,454549,OF,ITTRS,40,2K,09,,,12,0,12
medium,454549,OF,ITTRS,40,2K,17,2K-SB01,17|19|21|23|25|27,6,0,6
medium,454549,OF,ITTRS,40,2K,21,2K-SB01,17|19|21|23|25|27,9,0,9
medium,454549,OF,ITTRS,40,2K,25,2K-SB01,17|19|21|23|25|27,8,0,8
medium,454549,OF,ITTRS,40,2K,41,2K-SB03,41|43|45|47|49|51,3,0,3
medium,454549,OF,ITTRS,40,2K,49,2K-SB03,41|43|45|47|49|51,3,0,3
medium,454549,OF,ITTRS,40,2K,53,,,12,0,12
medium,454549,OF,ITTRS,40,3A,17,3A-SB02,17|19|21|23|25|27,3,0,3
medium,454549,OF,ITTRS,40,3A,21,3A-SB02,17|19|21|23|25|27,2,0,2
medium,454549,OF,SGSIN,20,49,09,49-SB01,05|07|09|11|13|15,3,3,0
medium,454549,OF,SGSIN,20,49,11,49-SB01,05|07|09|11|13|15,2,2,0
medium,454549,OF,SGSIN,40,49,41,49-SB04,41|43|45|47|49|51,23,0,23
medium,454549,OF,SGSIN,40,49,45,49-SB04,41|43|45|47|49|51,26,0,26
medium,454549,OF,SGSIN,40,69,37,69-SB04,37|39|41|43|45|47,3,0,3
medium,454549,OF,SGSIN,40,69,45,69-SB04,37|39|41|43|45|47,20,0,20
medium,454549,OF,SIKOP,40,3A,57,3A-SB04,53|55|57|59|61|63,2,0,2
medium,454549,OF,TRALI,20,1A,25,,,1,1,0
medium,454549,OF,TRALI,40,E2,95,,,2,1,1
medium,454549,OF,TRISK,40,3A,17,3A-SB02,17|19|21|23|25|27,2,0,2
medium,454549,OF,TRISK,40,3A,21,3A-SB02,17|19|21|23|25|27,2,0,2
medium,454549,OF,TRISK,40,6C,57,,,5,0,5
medium,454585,OF,DEHAM,20,5A,09,5A-SB01,01|03|05|07|09|11,4,0,4
medium,454585,OF,DEHAM,20,5A,11,5A-SB01,01|03|05|07|09|11,26,0,26
medium,454585,OF,DEHAM,20,5A,13,5A-SB02,13|15|17|19|21|23,5,0,5
medium,454585,OF,DEHAM,40,1K,05,1K-SB01,05|07|09|11|13|15,1,0,1
medium,454585,OF,DEHAM,40,5A,37,5A-SB04,37|39|41|43|45|47,26,0,26
medium,454585,OF,DEHAM,40,5A,41,5A-SB04,37|39|41|43|45|47,26,0,26
medium,454585,OF,DEHAM,40,5A,45,5A-SB04,37|39|41|43|45|47,20,0,20
medium,454585,OF,DZAAE,40,1K,41,,,1,1,0
medium,454585,OF,DZAAE,40,8A,17,8A-SB02,13|15|17|19|21|23,2,2,0
medium,454585,OF,ESBC1,20,69,05,69-SB01,01|03|05|07|09|11,2,2,0
medium,454585,OF,ESBC1,40,1K,05,1K-SB01,05|07|09|11|13|15,1,1,0
medium,454585,OF,ESBC1,40,69,09,69-SB01,01|03|05|07|09|11,4,4,0
medium,454585,OF,ESBCN,20,69,15,69-SB02,13|15|17|19|21|23,3,3,0
medium,454585,OF,ESBCN,40,69,09,69-SB01,01|03|05|07|09|11,2,2,0
medium,454585,OF,ESBCN,40,AB,09,AB-SB01,05|07|09|11|13|15,6,6,0
medium,454585,OF,ESBCN,40,AB,13,AB-SB01,05|07|09|11|13|15,2,2,0
medium,454585,OF,ESBCN,40,AB,57,,,4,4,0
medium,454585,OF,ESVL3,20,69,15,69-SB02,13|15|17|19|21|23,1,1,0
medium,454585,OF,ESVL3,40,1K,05,1K-SB01,05|07|09|11|13|15,1,1,0
medium,454585,OF,ESVL3,40,8A,29,8A-SB03,25|27|29|31|33|35,5,5,0
medium,454585,OF,ESVL3,40,8B,13,8B-SB02,13|15|17|19|21|23,3,3,0
medium,454585,OF,ESVL3,40,8B,45,8B-SB03,37|39|41|43|45|47,6,6,0
medium,454585,OF,ESVL3,40,8B,53,8B-SB04,49|51|53|55|57|59,3,3,0
medium,454585,OF,ESVLC,20,59,31,59-SB03,25|27|29|31|33|35,2,2,0
medium,454585,OF,ESVLC,40,1K,13,1K-SB01,05|07|09|11|13|15,8,8,0
medium,454585,OF,ESVLC,40,1K,41,,,2,2,0
medium,454585,OF,ESVLC,40,8A,25,8A-SB03,25|27|29|31|33|35,2,2,0
medium,454585,OF,ESVLC,40,8A,49,8A-SB05,49|51|53|55|57|59,2,2,0
medium,454585,OF,ESVLC,40,8B,13,8B-SB02,13|15|17|19|21|23,6,6,0
medium,454585,OF,ESVLC,40,8B,49,8B-SB04,49|51|53|55|57|59,7,7,0
medium,454585,OF,ESVLC,40,8B,53,8B-SB04,49|51|53|55|57|59,3,3,0
medium,454585,OF,FRFOS,40,ED,11,ED-SB01,D9|E9|11|13|15|17,1,1,0
medium,454585,OF,FRFOS,40,ED,91,,,2,2,0
medium,454585,OF,FRLEH,20,5A,13,5A-SB02,13|15|17|19|21|23,19,0,19
medium,454585,OF,FRLEH,40,4J,01,4J-SB01,01|03|05|07|09|11,2,0,2
medium,454585,OF,FRLEH,40,5A,01,5A-SB01,01|03|05|07|09|11,26,0,26
medium,454585,OF,FRLEH,40,5A,21,5A-SB02,13|15|17|19|21|23,26,0,26
medium,454585,OF,FRLEH,40,5A,25,5A-SB03,25|27|29|31|33|35,26,0,26
medium,454585,OF,FRLEH,40,5A,29,5A-SB03,25|27|29|31|33|35,26,0,26
medium,454585,OF,FRLEH,40,5A,33,5A-SB03,25|27|29|31|33|35,12,0,12
medium,454585,OF,ITGIT,20,69,33,69-SB03,25|27|29|31|33|35,1,1,0
medium,454585,OF,ITGIT,40,1K,13,1K-SB01,05|07|09|11|13|15,2,2,0
medium,454585,OF,ITGIT,40,1K,41,,,1,1,0
medium,454585,OF,ITGIT,40,69,17,69-SB02,13|15|17|19|21|23,2,2,0
medium,454585,OF,ITGIT,40,69,29,69-SB03,25|27|29|31|33|35,17,17,0
medium,454585,OF,ITGIT,40,69,61,69-SB06,61|63|65|67|69|71,17,17,0
medium,454585,OF,ITGIT,40,69,65,69-SB06,61|63|65|67|69|71,4,4,0
medium,454585,OF,ITGIT,40,8A,17,8A-SB02,13|15|17|19|21|23,2,2,0
medium,454585,OF,MACAS,40,8A,13,8A-SB02,13|15|17|19|21|23,1,1,0
medium,454585,OF,PTSIE,20,59,53,59-SB05,49|51|53|55|57|59,3,0,3
medium,454585,OF,PTSIE,20,5A,15,5A-SB02,13|15|17|19|21|23,4,0,4
medium,454585,OF,PTSIE,20,5A,17,5A-SB02,13|15|17|19|21|23,5,0,5
medium,454585,OF,PTVSI,20,5A,17,5A-SB02,13|15|17|19|21|23,10,0,10
medium,454585,OF,ZZOP1,40,1K,09,1K-SB01,05|07|09|11|13|15,5,5,0
medium,454585,OF,ZZOP1,40,1K,41,,,9,9,0
medium,454585,OF,ZZOPT,40,8A,29,8A-SB03,25|27|29|31|33|35,6,6,0
medium,454585,OF,ZZOPT,40,AC,23,,,1,1,0
medium,454585,OF,ZZOPT,40,ED,23,ED-SB02,19|21|23|25|27|29,5,5,0
medium,454585,OF,ZZOPT,40,ED,91,,,2,2,0
medium,454585,OF,ZZOPT,40,ED,95,,,1,1,0
medium,454710,OF,ESAGP,20,8B,37,8B-SB03,37|39|41|43|45|47,1,1,0
medium,454710,OF,ESAGP,20,8B,39,8B-SB03,37|39|41|43|45|47,1,1,0
medium,454710,OF,ESAGP,40,1D,49,,,3,3,0
medium,454710,OF,ITGOA,20,8A,33,8A-SB03,25|27|29|31|33|35,8,8,0
medium,454710,OF,ITGOA,20,8B,23,8B-SB02,13|15|17|19|21|23,5,5,0
medium,454710,OF,ITGOA,40,38,21,,,2,2,0
medium,454710,OF,ITGOA,40,5C,01,5C-SB01,01|03|05|07|09|11,11,11,0
medium,454710,OF,ITGOA,40,5C,05,5C-SB01,01|03|05|07|09|11,4,4,0
medium,454710,OF,ITGOA,40,5C,09,5C-SB01,01|03|05|07|09|11,1,1,0
medium,454710,OF,ITGOA,40,5C,13,,,6,6,0
medium,454710,OF,ITGOA,40,5C,17,,,3,3,0
medium,454710,OF,ITGOA,40,6A,33,6A-SB03,29|31|33|35|37|39,1,1,0
medium,454710,OF,ITGOA,40,8B,09,8B-SB01,01|03|05|07|09|11,16,16,0
medium,454710,OF,ITNAP,20,8B,21,8B-SB02,13|15|17|19|21|23,3,3,0
medium,454710,OF,ITNAP,20,8B,23,8B-SB02,13|15|17|19|21|23,2,2,0
medium,454710,OF,ITNAP,40,5C,01,5C-SB01,01|03|05|07|09|11,5,5,0
medium,454710,OF,ITNAP,40,5C,05,5C-SB01,01|03|05|07|09|11,9,9,0
medium,454710,OF,ITNAP,40,E1,95,,,15,15,0
medium,454710,OF,ITSPE,20,8A,33,8A-SB03,25|27|29|31|33|35,5,5,0
medium,454710,OF,ITSPE,20,8A,59,8A-SB05,49|51|53|55|57|59,1,1,0
medium,454710,OF,ITSPE,20,8B,21,8B-SB02,13|15|17|19|21|23,9,9,0
medium,454710,OF,ITSPE,20,8B,23,8B-SB02,13|15|17|19|21|23,3,3,0
medium,454710,OF,ITSPE,40,5C,05,5C-SB01,01|03|05|07|09|11,5,5,0
medium,454710,OF,ITSPE,40,8A,25,8A-SB03,25|27|29|31|33|35,1,1,0
medium,454710,OF,ITSPE,40,E1,47,E1-SB04,43|45|47|49|51|53,5,5,0
medium,454710,OF,ITSPE,40,E1,95,,,2,2,0
medium,454710,OF,SGSIN,20,8A,33,8A-SB03,25|27|29|31|33|35,12,12,0
medium,454710,OF,SGSIN,40,E9,95,,,2,2,0
