plan_level,voyage_id,flow,port,size,area_no,planned_boxes,bay_key,bay_no
external_medium,453250,OF,KRPUS,40,29,5,29-21,21
external_medium,453250,OF,USNYC,40,29,17,29-25,25
external_medium,453250,OF,KRPUS,20,29,10,29-31,31
external_medium,453250,OF,COCTG,40,29,4,29-33,33
external_medium,453250,OF,USNYC,40,29,4,29-33,33
external_medium,453250,OF,USORF,40,29,4,29-33,33
external_medium,453250,OF,USORF,20,29,2,29-49,49
external_medium,453250,OF,KRPUS,40,29,15,29-53,53
external_medium,453250,OF,KRPUS,40,2A,20,2A-09,09
external_medium,453250,OF,KRPUS,40,2A,23,2A-13,13
external_medium,453250,OF,KRPUS,40,2A,18,2A-21,21
external_medium,453250,OF,KRPUS,40,2A,15,2A-25,25
external_medium,453250,OF,USNYC,20,2A,1,2A-31,31
external_medium,453250,OF,KRPUS,40,2A,8,2A-33,33
external_medium,453250,OF,USORF,40,2A,4,2A-33,33
external_medium,453250,OF,KRPUS,40,2A,15,2A-37,37
external_medium,453250,OF,KRPUS,40,2A,20,2A-53,53
external_medium,453250,OF,USNYC,40,49,5,49-05,05
external_medium,453250,OF,KRPUS,40,49,25,49-17,17
external_medium,453250,OF,KRPUS,40,49,26,49-21,21
external_medium,453250,OF,KRPUS,20,49,10,49-25,25
external_medium,453250,OF,KRPUS,20,49,2,49-27,27
external_medium,453250,OF,KRPUS,40,49,10,49-33,33
external_medium,453250,OF,KRPUS,40,49,26,49-37,37
external_medium,453250,OF,KRPUS,40,49,26,49-45,45
external_medium,453250,OF,COCTG,40,5B,10,5B-01,01
external_medium,453250,OF,KRPUS,40,5B,12,5B-01,01
external_medium,453250,OF,USNYC,40,5B,4,5B-01,01
external_medium,453250,OF,COCTG,40,5B,3,5B-05,05
external_medium,453250,OF,CAVA3,40,5B,2,5B-09,09
external_medium,453250,OF,KRPUS,40,5B,6,5B-09,09
external_medium,453250,OF,KRPUS,40,5B,3,5B-37,37
external_medium,453250,OF,USNYC,40,5B,7,5B-37,37
external_medium,453250,OF,KRPUS,40,5B,6,5B-41,41
external_medium,453250,OF,USNWK,40,5B,19,5B-49,49
external_medium,453250,OF,USORF,40,5B,7,5B-49,49
external_medium,453250,OF,USORF,40,5B,12,5B-53,53
external_medium,453250,OF,USNYC,20,6A,1,6A-05,05
external_medium,453250,OF,USNW2,40,6A,2,6A-25,25
external_medium,453250,OF,USNWK,40,6A,1,6A-25,25
external_medium,453250,OF,COCTG,40,6A,10,6A-49,49
external_medium,453250,OF,USORF,40,E9,3,E9-91,91
external_medium,453308,OF,ESBCN,20,1A,1,1A-35,35
external_medium,453308,OF,ESBCN,20,1A,2,1A-53,53
external_medium,453308,OF,ITGOA,20,1A,3,1A-53,53
external_medium,453308,OF,MAMED,20,1A,1,1A-53,53
external_medium,453308,OF,ESBCN,20,1A,5,1A-55,55
external_medium,453308,OF,ESVLC,20,29,4,29-31,31
external_medium,453308,OF,ESBCN,20,6A,2,6A-11,11
external_medium,453308,OF,ITGOA,20,6A,4,6A-11,11
external_medium,453308,OF,MAMED,20,6A,2,6A-11,11
external_medium,453308,OF,MYTPP,20,6A,2,6A-11,11
external_medium,453308,OF,ESVLC,40,6A,1,6A-33,33
external_medium,453308,OF,ITGOA,40,6A,2,6A-33,33
external_medium,453308,OF,MYTPP,20,6A,23,6A-63,63
external_medium,453308,OF,ITGOA,40,6A,2,6A-69,69
external_medium,453308,OF,ITSPE,20,89,1,89-17,17
external_medium,453308,OF,ESBCN,20,89,11,89-23,23
external_medium,453308,OF,MAMED,40,89,2,89-33,33
external_medium,453308,OF,ESBCN,20,89,1,89-49,49
external_medium,453308,OF,ITGOA,20,89,6,89-49,49
external_medium,453308,OF,ESVLC,20,89,26,89-51,51
external_medium,453308,OF,MAMED,40,89,2,89-53,53
external_medium,453308,OF,ESBCN,40,AB,1,AB-09,09
external_medium,453308,OF,ESBCN,40,AB,4,AB-57,57
external_medium,453308,OF,ITGOA,40,ED,2,ED-11,11
external_medium,453308,OF,ITSPE,40,ED,1,ED-11,11
external_medium,453308,OF,ESVLC,40,ED,2,ED-23,23
external_medium,453308,OF,ESVLC,40,ED,2,ED-91,91
external_medium,453308,OF,ITSPE,40,ED,1,ED-91,91
external_medium,453308,OF,MAMED,40,ED,2,ED-91,91
external_medium,453308,OF,MAMED,40,ED,1,ED-95,95
external_medium,453308,OF,MYTPP,40,EE,8,EE-91,91
external_medium,453324,OF,USLAX,40,28,3,28-01,01
external_medium,453324,OF,USOAK,40,28,1,28-01,01
external_medium,453324,OF,USLSA,40,28,2,28-33,33
external_medium,453324,OF,USLAX,20,28,1,28-45,45
external_medium,453324,OF,USLAX,20,29,1,29-31,31
external_medium,453324,OF,USOAK,40,38,2,38-17,17
external_medium,453324,OF,USLAX,40,38,4,38-37,37
external_medium,453324,OF,USOAK,40,38,8,38-37,37
external_medium,453324,OF,USLAX,40,4J,2,4J-05,05
external_medium,453324,OF,USOAK,40,4J,4,4J-05,05
external_medium,453324,OF,USPS2,40,4J,1,4J-05,05
external_medium,453352,OF,JPNGO,20,1A,14,1A-35,35
external_medium,453352,OF,JPUKB,20,1A,3,1A-55,55
external_medium,453352,OF,JPUKB,40,4B,26,4B-17,17
external_medium,453352,OF,JPUKB,40,4B,15,4B-21,21
external_medium,453352,OF,JPUKB,40,4B,23,4B-45,45
external_medium,453352,OF,JPUKB,40,4B,24,4B-49,49
external_medium,453352,OF,JPUKB,40,4B,25,4B-57,57
external_medium,453352,OF,JPNGO,40,4J,5,4J-01,01
external_medium,453352,OF,JPNGO,40,4J,13,4J-61,61
external_medium,453352,OF,JPNGO,20,6B,1,6B-23,23
external_medium,453352,OF,JPUKB,20,6B,1,6B-23,23
external_medium,453352,OF,JPNGO,40,89,3,89-33,33
external_medium,453352,OF,JPUKB,40,89,3,89-33,33
external_medium,453352,OF,JPNGO,40,89,3,89-37,37
external_medium,453352,OF,JPNGO,40,89,4,89-45,45
external_medium,453352,OF,JPNGO,40,89,4,89-65,65
external_medium,453352,OF,JPUKB,20,8A,25,8A-05,05
external_medium,453352,OF,JPUKB,40,8A,3,8A-37,37
external_medium,453352,OF,JPNGO,20,8A,2,8A-59,59
external_medium,453352,OF,JPUKB,20,8A,2,8A-59,59
external_medium,453352,OF,JPUKB,40,8A,5,8A-65,65
external_medium,453356,OF,MXLZC,20,19,1,19-05,05
external_medium,453356,OF,MXLZC,40,1C,6,1C-53,53
external_medium,453356,OF,MXLZC,20,28,1,28-21,21
external_medium,453356,OF,USCHS,20,28,3,28-21,21
external_medium,453356,OF,USSAV,20,28,5,28-21,21
external_medium,453356,OF,MXLZC,20,28,26,28-23,23
external_medium,453356,OF,USNYC,40,28,8,28-37,37
external_medium,453356,OF,USSAV,20,28,10,28-45,45
external_medium,453356,OF,USSAV,20,28,26,28-47,47
external_medium,453356,OF,USSAV,20,28,26,28-51,51
external_medium,453356,OF,USCHS,40,28,1,28-53,53
external_medium,453356,OF,USSAV,40,28,1,28-53,53
external_medium,453356,OF,MXLZC,40,28,25,28-61,61
external_medium,453356,OF,MXLZC,40,29,2,29-21,21
external_medium,453356,OF,USCHS,20,29,26,29-29,29
external_medium,453356,OF,MXLZC,20,29,4,29-31,31
external_medium,453356,OF,USCHS,20,29,5,29-31,31
external_medium,453356,OF,MXLZC,40,29,4,29-33,33
external_medium,453356,OF,USSAV,40,29,1,29-33,33
external_medium,453356,OF,USCHS,20,29,26,29-51,51
external_medium,453356,OF,MXLZC,40,29,3,29-53,53
external_medium,453356,OF,USSA3,20,2A,13,2A-05,05
external_medium,453356,OF,USNYC,20,2A,20,2A-31,31
external_medium,453356,OF,USCHS,45,38,1,38-05,05
external_medium,453356,OF,USNW2,45,38,1,38-05,05
external_medium,453356,OF,USSAV,45,38,1,38-05,05
external_medium,453356,OF,USCHS,20,39,3,39-09,09
external_medium,453356,OF,USNYC,20,39,3,39-09,09
external_medium,453356,OF,USNYC,20,39,3,39-11,11
external_medium,453356,OF,MXLZC,45,39,1,39-61,61
external_medium,453356,OF,USSAV,45,3A,2,3A-05,05
external_medium,453356,OF,MXLZC,20,3A,1,3A-11,11
external_medium,453356,OF,MXLZC,40,3D,14,3D-05,05
external_medium,453356,OF,USSA3,40,3D,7,3D-05,05
external_medium,453356,OF,USNYC,40,3D,4,3D-09,09
external_medium,453356,OF,MXLZC,40,3D,12,3D-13,13
external_medium,453356,OF,MXLZC,40,3D,8,3D-61,61
external_medium,453356,OF,MXLZC,40,49,5,49-29,29
external_medium,453356,OF,USSAV,40,E7,14,E7-31,31
external_medium,453356,OF,USSAV,40,E7,6,E7-35,35
external_medium,453356,OF,USSAV,40,E7,8,E7-87,87
external_medium,453356,OF,USSAV,40,E7,10,E7-91,91
external_medium,453356,OF,USCHS,40,ED,13,ED-11,11
external_medium,453356,OF,USCHS,40,ED,12,ED-95,95
external_medium,453388,OF,CAVA3,20,19,15,19-05,05
external_medium,453388,OF,CAVAN,20,19,2,19-05,05
external_medium,453388,OF,CAVAN,20,19,26,19-15,15
external_medium,453388,OF,CAVA2,40,19,3,19-21,21
external_medium,453388,OF,CAVAN,40,19,3,19-21,21
external_medium,453388,OF,USTW2,40,19,3,19-21,21
external_medium,453388,OF,CAVA3,20,19,26,19-37,37
external_medium,453388,OF,CAVA2,40,2B,3,2B-13,13
external_medium,453388,OF,USTIW,40,2B,3,2B-13,13
external_medium,453388,OF,USTW2,40,2B,3,2B-13,13
external_medium,453388,OF,CAVA3,20,2B,4,2B-21,21
external_medium,453388,OF,CAVA3,20,2B,4,2B-23,23
external_medium,453388,OF,KRPUS,20,2B,1,2B-29,29
external_medium,453388,OF,CAVA3,20,2B,8,2B-31,31
external_medium,453388,OF,USTIW,20,2B,5,2B-31,31
external_medium,453388,OF,CAVA2,40,2B,4,2B-33,33
external_medium,453388,OF,KRPUS,40,2B,2,2B-33,33
external_medium,453388,OF,USTIW,40,2B,4,2B-33,33
external_medium,453388,OF,CAVA3,20,2B,16,2B-37,37
external_medium,453388,OF,CAVA2,40,2B,6,2B-53,53
external_medium,453388,OF,CAVA2,20,2B,16,2B-57,57
external_medium,453388,OF,CAVA3,20,2B,4,2B-57,57
external_medium,453388,OF,USTW2,20,2B,3,2B-57,57
external_medium,453388,OF,CAVA3,20,2B,10,2B-59,59
external_medium,453388,OF,USTW2,20,2B,5,2B-59,59
external_medium,453388,OF,KRPUS,40,2B,6,2B-61,61
external_medium,453388,OF,CAVAN,45,38,1,38-05,05
external_medium,453388,OF,CAVA2,40,3C,1,3C-05,05
external_medium,453388,OF,CAVA3,40,3C,1,3C-05,05
external_medium,453388,OF,CAVAN,40,3C,1,3C-05,05
external_medium,453388,OF,USTW1,40,3C,2,3C-05,05
external_medium,453388,OF,USTW2,40,3C,3,3C-05,05
external_medium,453388,OF,CAVA3,40,4A,3,4A-01,01
external_medium,453388,OF,CAVAN,40,4A,5,4A-01,01
external_medium,453388,OF,CAVA3,40,4A,15,4A-09,09
external_medium,453388,OF,CAVA3,40,4A,5,4A-13,13
external_medium,453388,OF,CAVAN,40,4A,10,4A-13,13
external_medium,453388,OF,USTIW,40,4A,3,4A-13,13
external_medium,453388,OF,USTW2,40,4A,4,4A-21,21
external_medium,453388,OF,CAVA2,40,4A,5,4A-25,25
external_medium,453388,OF,CAVA2,20,4A,2,4A-53,53
external_medium,453388,OF,CAVAN,20,4A,6,4A-53,53
external_medium,453388,OF,CAVA3,20,4A,1,4A-55,55
external_medium,453388,OF,USTW2,20,4A,6,4A-55,55
external_medium,453388,OF,CAVA2,40,4B,24,4B-01,01
external_medium,453388,OF,CAVA3,40,4B,15,4B-05,05
external_medium,453388,OF,USTW2,40,4B,10,4B-05,05
external_medium,453388,OF,CAVA3,40,4B,25,4B-09,09
external_medium,453388,OF,CAVA2,20,4B,2,4B-13,13
external_medium,453388,OF,USTIW,20,4B,4,4B-13,13
external_medium,453388,OF,USTW2,20,4B,2,4B-13,13
external_medium,453388,OF,CAVAN,20,4B,12,4B-15,15
external_medium,453388,OF,CAVA3,40,4B,10,4B-17,17
external_medium,453388,OF,CAVAN,40,4B,3,4B-17,17
external_medium,453388,OF,USTIW,40,4B,3,4B-17,17
external_medium,453388,OF,USTW2,40,4B,10,4B-17,17
external_medium,453388,OF,CAVA2,40,4B,5,4B-21,21
external_medium,453388,OF,USTIW,40,4B,13,4B-21,21
external_medium,453388,OF,USTW1,40,4B,8,4B-21,21
external_medium,453388,OF,CAVA2,40,4B,6,4B-25,25
external_medium,453388,OF,CAVAN,40,4B,13,4B-25,25
external_medium,453388,OF,USTW1,40,4B,5,4B-25,25
external_medium,453388,OF,CAVA3,40,4B,26,4B-37,37
external_medium,453388,OF,USTIW,40,4B,26,4B-41,41
external_medium,453388,OF,CAVA3,40,4B,4,4B-45,45
external_medium,453388,OF,USTIW,40,4B,12,4B-45,45
external_medium,453388,OF,USTW2,40,4B,10,4B-45,45
external_medium,453388,OF,CAVA3,40,4B,3,4B-49,49
external_medium,453388,OF,KRPUS,40,4B,2,4B-49,49
external_medium,453388,OF,USTW1,40,4B,5,4B-49,49
external_medium,453388,OF,KRPUS,40,4B,15,4B-61,61
external_medium,453388,OF,USTIW,40,4B,2,4B-61,61
external_medium,453388,OF,USTW2,40,4B,8,4B-61,61
external_medium,453388,OF,KRPUS,40,69,4,69-09,09
external_medium,453388,OF,CAVA3,20,69,26,69-35,35
external_medium,453388,OF,CAVAN,40,69,7,69-37,37
external_medium,453388,OF,CAVA3,20,69,26,69-43,43
external_medium,453388,OF,USTW2,40,69,20,69-53,53
external_medium,453388,OF,CAVAN,40,69,15,69-57,57
external_medium,453388,OF,USTIW,40,69,17,69-61,61
external_medium,453388,OF,CAVAN,40,69,15,69-65,65
external_medium,453388,OF,CAVA3,40,69,17,69-69,69
external_medium,453388,OF,CAVAN,45,7A,8,7A-69,69
external_medium,453396,OF,DEBRV,40,1C,17,1C-53,53
external_medium,453396,OF,GBLGP,40,1K,3,1K-05,05
external_medium,453396,OF,MYTPP,40,1K,2,1K-05,05
external_medium,453396,OF,DEBRV,40,38,3,38-09,09
external_medium,453396,OF,MYTPP,40,49,3,49-29,29
external_medium,453396,OF,GBLGP,40,49,1,49-41,41
external_medium,453396,OF,NLRTM,40,6B,1,6B-25,25
external_medium,453396,OF,DEWVN,40,6B,7,6B-45,45
external_medium,453396,OF,MAPTM,40,6B,2,6B-49,49
external_medium,453396,OF,DEWVN,20,6B,2,6B-57,57
external_medium,453396,OF,DEBRV,20,6B,1,6B-59,59
external_medium,453396,OF,GBLGP,20,6B,1,6B-59,59
external_medium,453396,OF,MAPTM,20,6B,1,6B-59,59
external_medium,453396,OF,MATAT,40,6B,2,6B-69,69
external_medium,453396,OF,GBLGP,40,89,3,89-33,33
external_medium,453396,OF,MYTPP,40,89,7,89-53,53
external_medium,453396,OF,MYTPP,20,8A,2,8A-11,11
external_medium,453396,OF,GBLGP,40,8A,12,8A-37,37
external_medium,453396,OF,MAPTM,20,8A,3,8A-57,57
external_medium,453396,OF,DEWVN,20,8A,9,8A-59,59
external_medium,453396,OF,GBLGP,40,E9,1,E9-15,15
external_medium,453396,OF,GBLGP,40,E9,12,E9-95,95
external_medium,453396,OF,MYTPP,40,EE,3,EE-11,11
external_medium,453412,OF,MYTPP,40,49,15,49-05,05
external_medium,453412,OF,BEANR,40,49,5,49-09,09
external_medium,453412,OF,NLRTM,40,49,15,49-09,09
external_medium,453412,OF,DEHAM,20,49,8,49-25,25
external_medium,453412,OF,MYTPP,20,49,5,49-25,25
external_medium,453412,OF,MYTPP,20,49,2,49-27,27
external_medium,453412,OF,NLRTM,20,49,6,49-27,27
external_medium,453412,OF,DEHAM,40,49,2,49-29,29
external_medium,453412,OF,DEWVN,40,49,1,49-29,29
external_medium,453412,OF,MYTPP,40,49,2,49-29,29
external_medium,453412,OF,NLRTM,40,49,3,49-29,29
external_medium,453412,OF,BEANR,40,49,5,49-33,33
external_medium,453412,OF,DEHAM,40,49,1,49-33,33
external_medium,453412,OF,DEWVN,40,49,5,49-33,33
external_medium,453412,OF,BEANR,40,49,10,49-41,41
external_medium,453412,OF,GBLGP,40,49,1,49-41,41
external_medium,453412,OF,MYTPP,40,49,10,49-41,41
external_medium,453412,OF,NLR10,40,49,3,49-41,41
external_medium,453412,OF,DEHAM,40,49,17,49-49,49
external_medium,453412,OF,MYTPP,40,49,5,49-49,49
external_medium,453412,OF,NLRTM,40,49,11,49-53,53
external_medium,453412,OF,DEHAM,40,49,14,49-57,57
external_medium,453412,OF,DEHAM,40,6B,20,6B-01,01
external_medium,453412,OF,NLRTM,40,6B,3,6B-01,01
external_medium,453412,OF,BEANR,40,6B,4,6B-05,05
external_medium,453412,OF,NLRTM,40,6B,11,6B-05,05
external_medium,453412,OF,DEWVN,40,6B,25,6B-09,09
external_medium,453412,OF,NLRTM,40,6B,2,6B-25,25
external_medium,453412,OF,NLRTM,40,6B,8,6B-33,33
external_medium,453416,OF,SIKOP,20,1A,1,1A-25,25
external_medium,453416,OF,SIKOP,40,1A,4,1A-37,37
external_medium,453416,OF,SIKOP,40,1A,6,1A-45,45
external_medium,453416,OF,SIKOP,40,1A,6,1A-49,49
external_medium,453416,OF,EGPSD,20,1A,3,1A-55,55
external_medium,453416,OF,HRRJK,20,1A,6,1A-55,55
external_medium,453416,OF,SIKOP,20,1A,1,1A-55,55
external_medium,453416,OF,HRRJ3,40,1B,1,1B-49,49
external_medium,453416,OF,MYTPP,40,2A,12,2A-01,01
external_medium,453416,OF,EGPSD,40,2A,3,2A-09,09
external_medium,453416,OF,MYTPP,40,2A,3,2A-09,09
external_medium,453416,OF,EGPSD,40,2A,1,2A-33,33
external_medium,453416,OF,EGPSD,40,2A,10,2A-41,41
external_medium,453416,OF,EGPSD,40,2A,2,2A-45,45
external_medium,453416,OF,MYTPP,40,2A,15,2A-45,45
external_medium,453416,OF,EGPSD,40,2A,2,2A-53,53
external_medium,453416,OF,MYTPP,40,2A,8,2A-61,61
external_medium,453416,OF,SIKOP,40,2A,14,2A-61,61
external_medium,453416,OF,HRRJK,40,2K,8,2K-05,05
external_medium,453416,OF,HRRJK,40,2K,1,2K-17,17
external_medium,453416,OF,HRRJK,40,2K,2,2K-53,53
external_medium,453416,OF,MYTPP,40,38,2,38-09,09
external_medium,453416,OF,SIKOP,20,38,1,38-13,13
external_medium,453416,OF,MYTPP,40,38,3,38-53,53
external_medium,453416,OF,HRRJK,40,3A,1,3A-21,21
external_medium,453416,OF,SIKOP,40,3A,1,3A-37,37
external_medium,453416,OF,MYTPP,40,3B,2,3B-09,09
external_medium,453416,OF,MYTPP,40,3B,4,3B-29,29
external_medium,453416,OF,HRRJK,40,4A,12,4A-01,01
external_medium,453416,OF,MYTPP,40,4A,2,4A-01,01
external_medium,453416,OF,MYTPP,40,4A,20,4A-05,05
external_medium,453416,OF,HRRJK,40,4A,20,4A-21,21
external_medium,453416,OF,EGPSD,40,4A,4,4A-25,25
external_medium,453416,OF,HRRJK,40,4A,5,4A-25,25
external_medium,453416,OF,SIKOP,40,4A,5,4A-25,25
external_medium,453416,OF,SIKOP,40,4A,24,4A-29,29
external_medium,453416,OF,EGPSD,40,4A,13,4A-33,33
external_medium,453416,OF,SIKOP,40,4A,4,4A-33,33
external_medium,453416,OF,EGPSD,40,4A,3,4A-37,37
external_medium,453416,OF,HRRJK,40,4A,15,4A-37,37
external_medium,453416,OF,SIKOP,40,4A,3,4A-37,37
external_medium,453416,OF,EGPSD,40,4A,15,4A-41,41
external_medium,453416,OF,SIKOP,40,4A,2,4A-41,41
external_medium,453416,OF,MYTPP,40,4A,23,4A-49,49
external_medium,453416,OF,HRRJK,20,59,15,59-13,13
external_medium,453416,OF,EGPSD,20,59,4,59-23,23
external_medium,453416,OF,MYTPP,20,59,6,59-29,29
external_medium,453416,OF,EGPSD,20,59,3,59-53,53
external_medium,453416,OF,HRRJK,20,59,3,59-53,53
external_medium,453416,OF,EGPSD,20,59,8,59-55,55
external_medium,453416,OF,HRRJK,20,59,18,59-55,55
external_medium,453416,OF,MYTPP,20,59,3,59-69,69
external_medium,453416,OF,SIKOP,40,5A,26,5A-05,05
external_medium,453416,OF,EGPSD,40,5A,26,5A-09,09
external_medium,453416,OF,EGPSD,20,5A,26,5A-13,13
external_medium,453416,OF,EGPSD,20,5A,26,5A-15,15
external_medium,453416,OF,EGPSD,20,5A,5,5A-17,17
external_medium,453416,OF,HRRJK,20,5A,5,5A-17,17
external_medium,453416,OF,SIKOP,20,5A,8,5A-17,17
external_medium,453416,OF,EGPSD,20,5A,7,5A-19,19
external_medium,453416,OF,EGPSD,20,5A,26,5A-23,23
external_medium,453416,OF,EGPSD,40,5A,18,5A-25,25
external_medium,453416,OF,SIKOP,40,5A,3,5A-25,25
external_medium,453416,OF,EGPSD,40,5A,26,5A-29,29
external_medium,453416,OF,EGPSD,40,5A,26,5A-33,33
external_medium,453416,OF,MYTPP,40,5A,26,5A-61,61
external_medium,453416,OF,MYTPP,40,5A,26,5A-65,65
external_medium,453416,OF,MYTPP,40,6B,1,6B-25,25
external_medium,453416,OF,HRRJK,40,6C,8,6C-57,57
external_medium,453416,OF,MYTPP,40,E9,4,E9-51,51
external_medium,453416,OF,EGPSD,40,E9,2,E9-95,95
external_medium,453416,OF,SIKOP,40,E9,15,E9-95,95
external_medium,454549,OF,ILHFA,40,1A,6,1A-05,05
external_medium,454549,OF,TRALI,20,1A,1,1A-25,25
external_medium,454549,OF,SGSIN,40,1A,2,1A-45,45
external_medium,454549,OF,TRISK,40,1K,6,1K-41,41
external_medium,454549,OF,ITTRS,40,2K,7,2K-05,05
external_medium,454549,OF,ITTRS,40,2K,12,2K-09,09
external_medium,454549,OF,ITTRS,40,2K,6,2K-17,17
external_medium,454549,OF,ITTRS,40,2K,9,2K-21,21
external_medium,454549,OF,ITTRS,40,2K,12,2K-25,25
external_medium,454549,OF,ITTRS,40,2K,3,2K-41,41
external_medium,454549,OF,ITTRS,40,2K,3,2K-49,49
external_medium,454549,OF,ITTRS,40,2K,12,2K-53,53
external_medium,454549,OF,ILHFA,40,3A,3,3A-17,17
external_medium,454549,OF,SGSIN,40,3A,2,3A-17,17
external_medium,454549,OF,TRISK,40,3A,3,3A-17,17
external_medium,454549,OF,HRRJK,40,3A,7,3A-21,21
external_medium,454549,OF,ILHFA,40,3A,2,3A-21,21
external_medium,454549,OF,ILHFA,40,3A,1,3A-37,37
external_medium,454549,OF,SGSIN,20,3A,4,3A-41,41
external_medium,454549,OF,ILHFA,40,3A,1,3A-45,45
external_medium,454549,OF,SIKOP,40,3A,2,3A-57,57
external_medium,454549,OF,ILHFA,40,49,25,49-13,13
external_medium,454549,OF,SGSIN,20,49,1,49-27,27
external_medium,454549,OF,SGSIN,40,49,13,49-53,53
external_medium,454549,OF,SGSIN,40,49,11,49-57,57
external_medium,454549,OF,SGSIN,40,4J,5,4J-61,61
external_medium,454549,OF,ILHFA,40,5F,6,5F-25,25
external_medium,454549,OF,ILHFA,40,5F,8,5F-29,29
external_medium,454549,OF,ILHFA,40,5F,3,5F-33,33
external_medium,454549,OF,ILHFA,40,5F,12,5F-61,61
external_medium,454549,OF,ILHFA,20,69,2,69-15,15
external_medium,454549,OF,ILHFA,40,69,1,69-45,45
external_medium,454549,OF,SGSIN,40,69,20,69-45,45
external_medium,454549,OF,ILHFA,40,69,3,69-49,49
external_medium,454549,OF,SGSIN,40,69,15,69-49,49
external_medium,454549,OF,SGSIN,40,69,1,69-53,53
external_medium,454549,OF,SGSIN,40,69,2,69-57,57
external_medium,454549,OF,SGSIN,40,6B,1,6B-13,13
external_medium,454549,OF,TRALI,40,E2,2,E2-95,95
external_medium,454585,OF,DEHAM,40,49,1,49-29,29
external_medium,454585,OF,ESVL3,40,4J,7,4J-01,01
external_medium,454585,OF,ZZOP1,40,4J,6,4J-01,01
external_medium,454585,OF,ESBC1,40,4J,1,4J-05,05
external_medium,454585,OF,ESVL3,40,4J,1,4J-05,05
external_medium,454585,OF,FRLEH,40,4J,2,4J-05,05
external_medium,454585,OF,ESVL3,40,4J,3,4J-61,61
external_medium,454585,OF,ZZOP1,40,4J,5,4J-61,61
external_medium,454585,OF,ESVLC,20,59,2,59-31,31
external_medium,454585,OF,ESVLC,40,59,3,59-37,37
external_medium,454585,OF,PTSIE,20,59,3,59-53,53
external_medium,454585,OF,FRLEH,40,5A,12,5A-01,01
external_medium,454585,OF,ITGIT,40,5A,14,5A-01,01
external_medium,454585,OF,DEHAM,20,5A,3,5A-17,17
external_medium,454585,OF,PTSIE,20,5A,5,5A-17,17
external_medium,454585,OF,FRLEH,20,5A,19,5A-19,19
external_medium,454585,OF,DEHAM,20,5A,26,5A-21,21
external_medium,454585,OF,ITGIT,40,5A,5,5A-25,25
external_medium,454585,OF,DEHAM,40,5A,26,5A-37,37
external_medium,454585,OF,DEHAM,40,5A,26,5A-41,41
external_medium,454585,OF,FRLEH,40,5A,26,5A-45,45
external_medium,454585,OF,FRLEH,40,5A,26,5A-49,49
external_medium,454585,OF,FRLEH,40,5A,26,5A-53,53
external_medium,454585,OF,FRLEH,40,5A,26,5A-57,57
external_medium,454585,OF,DEHAM,20,5A,6,5A-69,69
external_medium,454585,OF,PTVSI,20,5A,10,5A-69,69
external_medium,454585,OF,ESBC1,20,69,2,69-05,05
external_medium,454585,OF,ESBC1,40,69,4,69-09,09
external_medium,454585,OF,ESBCN,40,69,2,69-09,09
external_medium,454585,OF,ESBCN,20,69,3,69-15,15
external_medium,454585,OF,ESVL3,20,69,1,69-15,15
external_medium,454585,OF,ITGIT,40,69,2,69-17,17
external_medium,454585,OF,ITGIT,40,69,17,69-29,29
external_medium,454585,OF,ITGIT,20,69,1,69-33,33
external_medium,454585,OF,MACAS,40,8A,1,8A-13,13
external_medium,454585,OF,DZAAE,40,8A,2,8A-17,17
external_medium,454585,OF,ITGIT,40,8A,2,8A-17,17
external_medium,454585,OF,ESVLC,40,8A,2,8A-25,25
external_medium,454585,OF,ESVL3,40,8A,6,8A-29,29
external_medium,454585,OF,ZZOPT,40,8A,5,8A-29,29
external_medium,454585,OF,ESVLC,40,8A,2,8A-49,49
external_medium,454585,OF,DEHAM,40,8B,11,8B-09,09
external_medium,454585,OF,DEHAM,40,8B,9,8B-13,13
external_medium,454585,OF,PTSIE,20,8B,1,8B-37,37
external_medium,454585,OF,ZZOPT,40,8B,6,8B-45,45
external_medium,454585,OF,ZZOP1,40,8B,3,8B-53,53
external_medium,454585,OF,PTSIE,20,8B,3,8B-59,59
external_medium,454585,OF,ESVL3,40,AC,1,AC-23,23
external_medium,454585,OF,ESVLC,40,E1,2,E1-43,43
external_medium,454585,OF,ESVLC,40,E1,5,E1-47,47
external_medium,454585,OF,DZAAE,40,E1,1,E1-95,95
external_medium,454585,OF,ESVLC,40,E1,16,E1-95,95
external_medium,454585,OF,FRFOS,40,E3,1,E3-15,15
external_medium,454585,OF,ESBCN,40,E3,12,E3-91,91
external_medium,454585,OF,ITGIT,40,E3,5,E3-91,91
external_medium,454585,OF,ZZOPT,40,E3,4,E3-91,91
external_medium,454585,OF,FRFOS,40,E3,2,E3-95,95
external_medium,454710,OF,SGSIN,40,1D,1,1D-49,49
external_medium,454710,OF,ITNAP,40,1K,9,1K-05,05
external_medium,454710,OF,ITNAP,40,1K,8,1K-09,09
external_medium,454710,OF,ITNAP,40,1K,5,1K-13,13
external_medium,454710,OF,ITNAP,40,1K,7,1K-41,41
external_medium,454710,OF,ESAGP,40,2D,3,2D-13,13
external_medium,454710,OF,ITGOA,40,38,2,38-21,21
external_medium,454710,OF,SGSIN,40,49,1,49-57,57
external_medium,454710,OF,ITSPE,40,5C,5,5C-01,01
external_medium,454710,OF,ITGOA,40,5C,4,5C-05,05
external_medium,454710,OF,ITSPE,40,5C,5,5C-05,05
external_medium,454710,OF,ITGOA,40,5C,8,5C-13,13
external_medium,454710,OF,ITSPE,40,5C,2,5C-13,13
external_medium,454710,OF,ITGOA,40,5C,2,5C-17,17
external_medium,454710,OF,ITGOA,40,6A,1,6A-69,69
external_medium,454710,OF,ITGOA,40,8A,3,8A-21,21
external_medium,454710,OF,ITSPE,40,8A,1,8A-25,25
external_medium,454710,OF,ITGOA,20,8A,8,8A-33,33
external_medium,454710,OF,ITSPE,20,8A,5,8A-33,33
external_medium,454710,OF,SGSIN,20,8A,12,8A-33,33
external_medium,454710,OF,ITSPE,20,8A,1,8A-59,59
external_medium,454710,OF,ITGOA,40,8A,10,8A-65,65
external_medium,454710,OF,ITGOA,40,8B,4,8B-09,09
external_medium,454710,OF,ITSPE,20,8B,12,8B-21,21
external_medium,454710,OF,ESAGP,20,8B,2,8B-23,23
external_medium,454710,OF,ITGOA,20,8B,5,8B-23,23
external_medium,454710,OF,ITNAP,20,8B,2,8B-23,23
external_medium,454710,OF,ITNAP,20,8B,3,8B-39,39
external_medium,454710,OF,ITGOA,40,8B,7,8B-49,49
external_medium,454710,OF,ITGOA,40,8B,3,8B-53,53
