voy_id,flow,area_no,size,planned_qty,snapshot_qty,new_qty
453250,OF,1C,20,51,51.0,0.0
453250,OF,29,20,51,37.0,14.0
453250,OF,2A,20,4,4.0,0.0
453250,OF,2B,20,6,6.0,0.0
453250,OF,2C,20,2,2.0,0.0
453250,OF,39,20,3,1.0,2.0
453250,OF,49,20,9,0.0,9.0
453250,OF,4C,20,21,21.0,0.0
453250,OF,5B,20,44,44.0,0.0
453250,OF,5D,20,7,7.0,0.0
453250,OF,6A,20,36,35.0,1.0
453250,OF,6C,20,17,17.0,0.0
453250,OF,EB,20,1,1.0,0.0
453250,OZ,10,20,2,2.0,0.0
453250,OZ,11,20,1,1.0,0.0
453250,OZ,12,20,2,2.0,0.0
453250,OZ,13,20,1,1.0,0.0
453250,OZ,22,20,2,2.0,0.0
453250,OZ,23,20,1,1.0,0.0
453250,OZ,29,20,3,3.0,0.0
453250,OZ,30,20,3,3.0,0.0
453250,OZ,32,20,1,1.0,0.0
453250,OZ,42,20,1,1.0,0.0
453250,OZ,47,20,2,2.0,0.0
453250,OZ,53,20,1,1.0,0.0
453250,OZ,60,20,1,1.0,0.0
453250,OZ,63,20,3,3.0,0.0
453250,OZ,66,20,1,1.0,0.0
453250,OZ,73,20,2,2.0,0.0
453250,OZ,77,20,3,3.0,0.0
453250,OZ,78,20,3,3.0,0.0
453250,OZ,80,20,1,1.0,0.0
453250,OZ,81,20,1,1.0,0.0
453250,OZ,86,20,2,2.0,0.0
453250,OZ,93,20,3,3.0,0.0
453250,OZ,E4,20,1,1.0,0.0
453250,OZ,E5,20,1,1.0,0.0
453250,OZ,E9,20,2,2.0,0.0
453250,OZ,EA,20,2,2.0,0.0
453250,OZ,EC,20,2,2.0,0.0
453250,T,10,20,3,3.0,0.0
453250,T,12,20,2,2.0,0.0
453250,T,13,20,5,5.0,0.0
453250,T,14,20,2,2.0,0.0
453250,T,17,20,1,1.0,0.0
453250,T,1C,20,2,2.0,0.0
453250,T,22,20,1,1.0,0.0
453250,T,23,20,6,6.0,0.0
453250,T,24,20,7,7.0,0.0
453250,T,26,20,1,1.0,0.0
453250,T,29,20,1,1.0,0.0
453250,T,30,20,2,2.0,0.0
453250,T,32,20,1,1.0,0.0
453250,T,33,20,1,1.0,0.0
453250,T,3G,20,1,1.0,0.0
453250,T,3H,20,5,5.0,0.0
453250,T,3J,20,3,3.0,0.0
453250,T,44,20,2,2.0,0.0
453250,T,45,20,3,3.0,0.0
453250,T,46,20,2,2.0,0.0
453250,T,47,20,1,1.0,0.0
453250,T,4J,20,1,1.0,0.0
453250,T,51,20,5,5.0,0.0
453250,T,53,20,6,6.0,0.0
453250,T,54,20,1,1.0,0.0
453250,T,55,20,3,3.0,0.0
453250,T,57,20,2,2.0,0.0
453250,T,58,20,1,1.0,0.0
453250,T,61,20,1,1.0,0.0
453250,T,63,20,9,9.0,0.0
453250,T,64,20,7,7.0,0.0
453250,T,65,20,2,2.0,0.0
453250,T,66,20,3,3.0,0.0
453250,T,67,20,32,32.0,0.0
453250,T,68,20,2,2.0,0.0
453250,T,6A,20,3,3.0,0.0
453250,T,6C,20,2,2.0,0.0
453250,T,70,20,1,1.0,0.0
453250,T,71,20,5,5.0,0.0
453250,T,74,20,11,11.0,0.0
453250,T,76,20,3,3.0,0.0
453250,T,77,20,26,26.0,0.0
453250,T,79,20,3,3.0,0.0
453250,T,80,20,2,2.0,0.0
453250,T,81,20,2,2.0,0.0
453250,T,83,20,2,2.0,0.0
453250,T,86,20,3,3.0,0.0
453250,T,87,20,2,2.0,0.0
453250,T,93,20,9,9.0,0.0
453250,T,AD,20,2,2.0,0.0
453250,T,E2,20,1,1.0,0.0
453250,T,E4,20,2,2.0,0.0
453250,T,E5,20,2,2.0,0.0
453250,T,E9,20,2,2.0,0.0
453250,T,EA,20,3,3.0,0.0
453250,T,EC,20,5,5.0,0.0
453308,OF,29,20,1,0.0,1.0
453308,OF,2C,20,14,14.0,0.0
453308,OF,3G,20,2,2.0,0.0
453308,OF,53,20,1,1.0,0.0
453308,OF,59,20,95,95.0,0.0
453308,OF,5C,20,163,163.0,0.0
453308,OF,6A,20,16,16.0,0.0
453308,OF,6D,20,2,2.0,0.0
453308,OF,6K,20,3,3.0,0.0
453308,OF,73,20,1,1.0,0.0
453308,OF,75,20,1,1.0,0.0
453308,OF,77,20,2,2.0,0.0
453308,OF,7C,20,2,2.0,0.0
453308,OF,7D,20,3,3.0,0.0
453308,OF,80,20,3,3.0,0.0
453308,OF,81,20,3,3.0,0.0
453308,OF,89,20,143,50.0,93.0
453308,OF,9B,20,1,1.0,0.0
453308,OF,AB,20,1,1.0,0.0
453308,OF,AC,20,6,6.0,0.0
453308,OF,AD,20,1,1.0,0.0
453308,OF,E2,20,18,18.0,0.0
453308,OF,E7,20,17,17.0,0.0
453308,OF,E9,20,37,37.0,0.0
453308,OF,EC,20,1,1.0,0.0
453308,OZ,11,20,2,2.0,0.0
453308,OZ,13,20,2,2.0,0.0
453308,OZ,22,20,1,1.0,0.0
453308,OZ,33,20,3,3.0,0.0
453308,OZ,42,20,1,1.0,0.0
453308,OZ,43,20,1,1.0,0.0
453308,OZ,46,20,1,1.0,0.0
453308,OZ,52,20,3,3.0,0.0
453308,OZ,53,20,1,1.0,0.0
453308,OZ,59,20,2,2.0,0.0
453308,OZ,62,20,2,2.0,0.0
453308,OZ,63,20,1,1.0,0.0
453308,OZ,65,20,1,1.0,0.0
453308,OZ,66,20,1,1.0,0.0
453308,OZ,6A,20,1,1.0,0.0
453308,OZ,70,20,2,2.0,0.0
453308,OZ,71,20,2,2.0,0.0
453308,OZ,73,20,1,1.0,0.0
453308,OZ,74,20,1,1.0,0.0
453308,OZ,76,20,5,5.0,0.0
453308,OZ,78,20,1,1.0,0.0
453308,OZ,80,20,2,2.0,0.0
453308,OZ,81,20,3,3.0,0.0
453308,OZ,83,20,1,1.0,0.0
453308,OZ,87,20,1,1.0,0.0
453308,OZ,94,20,1,1.0,0.0
453308,OZ,E1,20,2,2.0,0.0
453308,OZ,E4,20,2,2.0,0.0
453308,OZ,EA,20,2,2.0,0.0
453308,T,11,20,2,2.0,0.0
453308,T,12,20,2,2.0,0.0
453308,T,15,20,1,1.0,0.0
453308,T,17,20,1,1.0,0.0
453308,T,22,20,4,4.0,0.0
453308,T,23,20,3,3.0,0.0
453308,T,26,20,6,6.0,0.0
453308,T,27,20,3,3.0,0.0
453308,T,30,20,3,3.0,0.0
453308,T,31,20,2,2.0,0.0
453308,T,32,20,3,3.0,0.0
453308,T,45,20,1,1.0,0.0
453308,T,47,20,1,1.0,0.0
453308,T,4J,20,1,1.0,0.0
453308,T,53,20,6,6.0,0.0
453308,T,63,20,1,1.0,0.0
453308,T,80,20,1,1.0,0.0
453308,T,81,20,1,1.0,0.0
453324,OF,19,20,4,4.0,0.0
453324,OF,1A,20,11,11.0,0.0
453324,OF,28,20,46,45.0,1.0
453324,OF,29,20,1,0.0,1.0
453324,OF,2B,20,8,8.0,0.0
453324,OF,2C,20,6,6.0,0.0
453324,OF,38,20,1,1.0,0.0
453324,OF,39,20,107,107.0,0.0
453324,OF,3H,20,1,1.0,0.0
453324,OF,49,20,1,1.0,0.0
453324,OF,5D,20,1,1.0,0.0
453324,OF,E2,20,1,1.0,0.0
453324,OF,EA,20,1,1.0,0.0
453324,OF,EC,20,1,1.0,0.0
453324,OZ,10,20,1,1.0,0.0
453324,OZ,22,20,1,1.0,0.0
453324,OZ,42,20,1,1.0,0.0
453324,OZ,46,20,1,1.0,0.0
453324,OZ,47,20,2,2.0,0.0
453324,OZ,60,20,1,1.0,0.0
453324,OZ,61,20,1,1.0,0.0
453324,OZ,62,20,3,3.0,0.0
453324,OZ,66,20,1,1.0,0.0
453324,OZ,70,20,1,1.0,0.0
453324,OZ,73,20,1,1.0,0.0
453324,OZ,74,20,2,2.0,0.0
453324,OZ,75,20,2,2.0,0.0
453324,OZ,76,20,2,2.0,0.0
453324,OZ,81,20,2,2.0,0.0
453324,OZ,82,20,1,1.0,0.0
453324,OZ,83,20,1,1.0,0.0
453324,OZ,86,20,3,3.0,0.0
453324,OZ,93,20,1,1.0,0.0
453324,OZ,94,20,1,1.0,0.0
453324,OZ,E1,20,1,1.0,0.0
453324,OZ,E4,20,1,1.0,0.0
453324,OZ,E5,20,1,1.0,0.0
453324,OZ,E8,20,1,1.0,0.0
453324,OZ,EA,20,1,1.0,0.0
453324,OZ,EC,20,1,1.0,0.0
453324,T,10,20,2,2.0,0.0
453324,T,11,20,2,2.0,0.0
453324,T,12,20,3,3.0,0.0
453324,T,15,20,2,2.0,0.0
453324,T,19,20,4,4.0,0.0
453324,T,22,20,2,2.0,0.0
453324,T,23,20,1,1.0,0.0
453324,T,24,20,5,5.0,0.0
453324,T,30,20,3,3.0,0.0
453324,T,33,20,2,2.0,0.0
453324,T,3K,20,1,1.0,0.0
453324,T,41,20,1,1.0,0.0
453324,T,44,20,1,1.0,0.0
453324,T,45,20,3,3.0,0.0
453324,T,46,20,2,2.0,0.0
453324,T,47,20,2,2.0,0.0
453324,T,51,20,4,4.0,0.0
453324,T,53,20,1,1.0,0.0
453324,T,60,20,4,4.0,0.0
453324,T,61,20,1,1.0,0.0
453324,T,62,20,2,2.0,0.0
453324,T,63,20,1,1.0,0.0
453324,T,65,20,6,6.0,0.0
453324,T,70,20,2,2.0,0.0
453324,T,73,20,6,6.0,0.0
453324,T,74,20,1,1.0,0.0
453324,T,76,20,1,1.0,0.0
453324,T,78,20,4,4.0,0.0
453324,T,79,20,1,1.0,0.0
453324,T,80,20,2,2.0,0.0
453324,T,81,20,7,7.0,0.0
453324,T,83,20,5,5.0,0.0
453324,T,85,20,1,1.0,0.0
453324,T,86,20,1,1.0,0.0
453324,T,E2,20,21,21.0,0.0
453324,T,E4,20,18,18.0,0.0
453324,T,E5,20,8,8.0,0.0
453324,T,E9,20,10,10.0,0.0
453324,T,EA,20,18,18.0,0.0
453324,T,EB,20,3,3.0,0.0
453324,T,EC,20,11,11.0,0.0
453352,OF,3H,20,2,2.0,0.0
453352,OF,44,20,1,1.0,0.0
453352,OF,89,20,25,0.0,25.0
453352,OF,8A,20,25,0.0,25.0
453352,T,3J,20,2,2.0,0.0
453352,T,83,20,1,1.0,0.0
453352,T,AD,20,1,1.0,0.0
453356,OF,19,20,1,0.0,1.0
453356,OF,1B,20,11,11.0,0.0
453356,OF,1D,20,8,8.0,0.0
453356,OF,28,20,64,0.0,64.0
453356,OF,29,20,65,4.0,61.0
453356,OF,2A,20,10,10.0,0.0
453356,OF,2B,20,1,1.0,0.0
453356,OF,38,20,48,0.0,48.0
453356,OF,39,20,27,0.0,27.0
453356,OF,3A,20,1,0.0,1.0
453356,OF,AC,20,2,2.0,0.0
453356,OF,E5,20,8,8.0,0.0
453356,OZ,67,20,1,1.0,0.0
453356,OZ,81,20,1,1.0,0.0
453356,T,11,20,1,1.0,0.0
453356,T,12,20,1,1.0,0.0
453356,T,23,20,1,1.0,0.0
453356,T,32,20,1,1.0,0.0
453356,T,41,20,2,2.0,0.0
453356,T,42,20,3,3.0,0.0
453356,T,45,20,1,1.0,0.0
453356,T,47,20,4,4.0,0.0
453356,T,61,20,6,6.0,0.0
453356,T,62,20,2,2.0,0.0
453356,T,63,20,1,1.0,0.0
453356,T,67,20,1,1.0,0.0
453356,T,83,20,2,2.0,0.0
453356,T,AC,20,1,1.0,0.0
453356,T,E4,20,2,2.0,0.0
453356,T,E5,20,1,1.0,0.0
453356,T,EC,20,2,2.0,0.0
453388,OF,12,20,1,1.0,0.0
453388,OF,19,20,99,0.0,99.0
453388,OF,2B,20,2,2.0,0.0
453388,OF,41,20,1,1.0,0.0
453388,OF,42,20,2,2.0,0.0
453388,OF,4A,20,99,32.0,67.0
453388,OF,4B,20,7,7.0,0.0
453388,OF,69,20,99,0.0,99.0
453388,OF,80,20,1,1.0,0.0
453388,OF,E4,20,4,4.0,0.0
453388,OF,E5,20,18,18.0,0.0
453388,OF,E9,20,1,1.0,0.0
453388,OZ,33,20,2,2.0,0.0
453388,OZ,47,20,1,1.0,0.0
453388,OZ,61,20,1,1.0,0.0
453388,OZ,70,20,1,1.0,0.0
453388,OZ,71,20,1,1.0,0.0
453388,OZ,72,20,1,1.0,0.0
453388,OZ,82,20,1,1.0,0.0
453388,OZ,83,20,2,2.0,0.0
453388,T,11,20,2,2.0,0.0
453388,T,12,20,2,2.0,0.0
453388,T,13,20,6,6.0,0.0
453388,T,16,20,2,2.0,0.0
453388,T,22,20,2,2.0,0.0
453388,T,31,20,2,2.0,0.0
453388,T,3H,20,3,3.0,0.0
453388,T,3K,20,4,4.0,0.0
453388,T,52,20,2,2.0,0.0
453388,T,53,20,3,3.0,0.0
453388,T,55,20,1,1.0,0.0
453388,T,61,20,4,4.0,0.0
453388,T,65,20,1,1.0,0.0
453388,T,66,20,1,1.0,0.0
453388,T,67,20,12,12.0,0.0
453388,T,72,20,2,2.0,0.0
453388,T,77,20,13,13.0,0.0
453388,T,9D,20,1,1.0,0.0
453388,T,E2,20,1,1.0,0.0
453388,T,E4,20,9,9.0,0.0
453388,T,E9,20,4,4.0,0.0
453388,T,EB,20,1,1.0,0.0
453388,T,EC,20,2,2.0,0.0
453396,OF,12,20,1,1.0,0.0
453396,OF,1C,20,5,5.0,0.0
453396,OF,1D,20,3,3.0,0.0
453396,OF,29,20,2,2.0,0.0
453396,OF,2C,20,2,2.0,0.0
453396,OF,3A,20,1,1.0,0.0
453396,OF,59,20,5,5.0,0.0
453396,OF,5C,20,10,10.0,0.0
453396,OF,65,20,1,1.0,0.0
453396,OF,6B,20,25,25.0,0.0
453396,OF,6C,20,37,37.0,0.0
453396,OF,6K,20,93,93.0,0.0
453396,OF,7J,20,74,74.0,0.0
453396,OF,80,20,1,1.0,0.0
453396,OF,81,20,1,1.0,0.0
453396,OF,89,20,20,1.0,19.0
453396,OF,8A,20,8,8.0,0.0
453396,OF,9B,20,111,111.0,0.0
453396,OF,9C,20,113,113.0,0.0
453396,OF,AB,20,46,46.0,0.0
453396,OF,AC,20,8,8.0,0.0
453396,OF,AD,20,3,3.0,0.0
453396,OF,E4,20,2,2.0,0.0
453396,OF,EC,20,2,2.0,0.0
453396,OZ,11,20,2,2.0,0.0
453396,OZ,12,20,1,1.0,0.0
453396,OZ,13,20,2,2.0,0.0
453396,OZ,14,20,3,3.0,0.0
453396,OZ,15,20,2,2.0,0.0
453396,OZ,22,20,5,5.0,0.0
453396,OZ,24,20,4,4.0,0.0
453396,OZ,30,20,1,1.0,0.0
453396,OZ,32,20,1,1.0,0.0
453396,OZ,33,20,3,3.0,0.0
453396,OZ,42,20,6,6.0,0.0
453396,OZ,43,20,1,1.0,0.0
453396,OZ,45,20,3,3.0,0.0
453396,OZ,46,20,1,1.0,0.0
453396,OZ,47,20,1,1.0,0.0
453396,OZ,48,20,2,2.0,0.0
453396,OZ,51,20,17,17.0,0.0
453396,OZ,53,20,5,5.0,0.0
453396,OZ,54,20,1,1.0,0.0
453396,OZ,55,20,2,2.0,0.0
453396,OZ,60,20,1,1.0,0.0
453396,OZ,63,20,1,1.0,0.0
453396,OZ,64,20,2,2.0,0.0
453396,OZ,66,20,2,2.0,0.0
453396,OZ,68,20,1,1.0,0.0
453396,OZ,6B,20,1,1.0,0.0
453396,OZ,70,20,5,5.0,0.0
453396,OZ,71,20,3,3.0,0.0
453396,OZ,72,20,1,1.0,0.0
453396,OZ,73,20,3,3.0,0.0
453396,OZ,75,20,3,3.0,0.0
453396,OZ,76,20,12,12.0,0.0
453396,OZ,77,20,1,1.0,0.0
453396,OZ,78,20,7,7.0,0.0
453396,OZ,80,20,8,8.0,0.0
453396,OZ,81,20,8,8.0,0.0
453396,OZ,83,20,3,3.0,0.0
453396,OZ,84,20,2,2.0,0.0
453396,OZ,86,20,6,6.0,0.0
453396,OZ,88,20,1,1.0,0.0
453396,OZ,93,20,5,5.0,0.0
453396,OZ,94,20,5,5.0,0.0
453396,OZ,9C,20,4,4.0,0.0
453396,OZ,E2,20,1,1.0,0.0
453396,OZ,E3,20,1,1.0,0.0
453396,OZ,E4,20,1,1.0,0.0
453396,OZ,EA,20,3,3.0,0.0
453396,T,10,20,1,1.0,0.0
453396,T,12,20,8,8.0,0.0
453396,T,13,20,8,8.0,0.0
453396,T,14,20,8,8.0,0.0
453396,T,15,20,10,10.0,0.0
453396,T,16,20,1,1.0,0.0
453396,T,17,20,1,1.0,0.0
453396,T,24,20,1,1.0,0.0
453396,T,26,20,2,2.0,0.0
453396,T,27,20,1,1.0,0.0
453396,T,30,20,1,1.0,0.0
453396,T,32,20,11,11.0,0.0
453396,T,33,20,9,9.0,0.0
453396,T,3G,20,3,3.0,0.0
453396,T,41,20,1,1.0,0.0
453396,T,42,20,2,2.0,0.0
453396,T,43,20,4,4.0,0.0
453396,T,46,20,12,12.0,0.0
453396,T,52,20,4,4.0,0.0
453396,T,54,20,1,1.0,0.0
453396,T,61,20,4,4.0,0.0
453396,T,63,20,3,3.0,0.0
453396,T,64,20,2,2.0,0.0
453396,T,65,20,1,1.0,0.0
453396,T,6K,20,2,2.0,0.0
453396,T,70,20,3,3.0,0.0
453396,T,71,20,2,2.0,0.0
453396,T,72,20,6,6.0,0.0
453396,T,73,20,1,1.0,0.0
453396,T,74,20,1,1.0,0.0
453396,T,75,20,2,2.0,0.0
453396,T,76,20,5,5.0,0.0
453396,T,77,20,1,1.0,0.0
453396,T,81,20,3,3.0,0.0
453396,T,84,20,1,1.0,0.0
453396,T,87,20,2,2.0,0.0
453396,T,AC,20,1,1.0,0.0
453396,T,AD,20,1,1.0,0.0
453412,OF,10,20,1,1.0,0.0
453412,OF,30,20,6,6.0,0.0
453412,OF,31,20,1,1.0,0.0
453412,OF,3G,20,1,1.0,0.0
453412,OF,3K,20,2,2.0,0.0
453412,OF,49,20,21,0.0,21.0
453412,OF,4B,20,6,6.0,0.0
453412,OF,4C,20,4,4.0,0.0
453412,OF,4E,20,148,148.0,0.0
453412,OF,54,20,2,2.0,0.0
453412,OF,5E,20,76,76.0,0.0
453412,OF,5F,20,97,97.0,0.0
453412,OF,6B,20,3,3.0,0.0
453412,OF,7A,20,149,149.0,0.0
453412,OF,8B,20,97,97.0,0.0
453412,OF,E1,20,7,7.0,0.0
453412,OF,E2,20,3,3.0,0.0
453412,OF,E4,20,9,9.0,0.0
453412,OF,E5,20,2,2.0,0.0
453412,OF,E8,20,5,5.0,0.0
453412,OF,E9,20,7,7.0,0.0
453412,OZ,10,20,2,2.0,0.0
453412,OZ,11,20,1,1.0,0.0
453412,OZ,12,20,5,5.0,0.0
453412,OZ,13,20,3,3.0,0.0
453412,OZ,14,20,5,5.0,0.0
453412,OZ,15,20,1,1.0,0.0
453412,OZ,22,20,6,6.0,0.0
453412,OZ,23,20,1,1.0,0.0
453412,OZ,24,20,7,7.0,0.0
453412,OZ,26,20,3,3.0,0.0
453412,OZ,27,20,1,1.0,0.0
453412,OZ,30,20,3,3.0,0.0
453412,OZ,31,20,5,5.0,0.0
453412,OZ,32,20,8,8.0,0.0
453412,OZ,33,20,6,6.0,0.0
453412,OZ,41,20,3,3.0,0.0
453412,OZ,42,20,2,2.0,0.0
453412,OZ,45,20,3,3.0,0.0
453412,OZ,46,20,1,1.0,0.0
453412,OZ,47,20,10,10.0,0.0
453412,OZ,48,20,1,1.0,0.0
453412,OZ,51,20,9,9.0,0.0
453412,OZ,53,20,3,3.0,0.0
453412,OZ,54,20,1,1.0,0.0
453412,OZ,55,20,2,2.0,0.0
453412,OZ,5E,20,2,2.0,0.0
453412,OZ,60,20,7,7.0,0.0
453412,OZ,61,20,1,1.0,0.0
453412,OZ,62,20,5,5.0,0.0
453412,OZ,63,20,4,4.0,0.0
453412,OZ,65,20,2,2.0,0.0
453412,OZ,66,20,10,10.0,0.0
453412,OZ,70,20,6,6.0,0.0
453412,OZ,71,20,7,7.0,0.0
453412,OZ,73,20,12,12.0,0.0
453412,OZ,76,20,6,6.0,0.0
453412,OZ,77,20,1,1.0,0.0
453412,OZ,80,20,4,4.0,0.0
453412,OZ,81,20,18,18.0,0.0
453412,OZ,82,20,4,4.0,0.0
453412,OZ,83,20,3,3.0,0.0
453412,OZ,86,20,7,7.0,0.0
453412,OZ,87,20,3,3.0,0.0
453412,OZ,93,20,13,13.0,0.0
453412,OZ,94,20,2,2.0,0.0
453412,OZ,E1,20,6,6.0,0.0
453412,OZ,E2,20,2,2.0,0.0
453412,OZ,E3,20,1,1.0,0.0
453412,OZ,E4,20,8,8.0,0.0
453412,OZ,E5,20,11,11.0,0.0
453412,OZ,E6,20,1,1.0,0.0
453412,OZ,E7,20,2,2.0,0.0
453412,OZ,E8,20,12,12.0,0.0
453412,OZ,E9,20,15,15.0,0.0
453412,OZ,EA,20,12,12.0,0.0
453412,OZ,EB,20,4,4.0,0.0
453412,OZ,EC,20,15,15.0,0.0
453412,OZ,ED,20,1,1.0,0.0
453412,T,12,20,2,2.0,0.0
453412,T,13,20,10,10.0,0.0
453412,T,14,20,2,2.0,0.0
453412,T,16,20,3,3.0,0.0
453412,T,17,20,1,1.0,0.0
453412,T,21,20,2,2.0,0.0
453412,T,22,20,2,2.0,0.0
453412,T,26,20,4,4.0,0.0
453412,T,27,20,2,2.0,0.0
453412,T,32,20,4,4.0,0.0
453412,T,33,20,3,3.0,0.0
453412,T,3G,20,1,1.0,0.0
453412,T,41,20,2,2.0,0.0
453412,T,42,20,2,2.0,0.0
453412,T,43,20,2,2.0,0.0
453412,T,44,20,1,1.0,0.0
453412,T,46,20,4,4.0,0.0
453412,T,47,20,1,1.0,0.0
453412,T,53,20,3,3.0,0.0
453412,T,61,20,1,1.0,0.0
453412,T,62,20,1,1.0,0.0
453412,T,64,20,1,1.0,0.0
453412,T,65,20,1,1.0,0.0
453412,T,72,20,1,1.0,0.0
453412,T,80,20,1,1.0,0.0
453412,T,81,20,1,1.0,0.0
453412,T,83,20,2,2.0,0.0
453412,T,87,20,3,3.0,0.0
453412,T,E1,20,3,3.0,0.0
453412,T,E4,20,6,6.0,0.0
453416,OF,12,20,1,1.0,0.0
453416,OF,1A,20,20,20.0,0.0
453416,OF,2A,20,32,32.0,0.0
453416,OF,2B,20,96,96.0,0.0
453416,OF,2C,20,35,35.0,0.0
453416,OF,38,20,99,34.0,65.0
453416,OF,4D,20,85,85.0,0.0
453416,OF,59,20,99,0.0,99.0
453416,OF,5A,20,98,0.0,98.0
453416,OF,5D,20,41,41.0,0.0
453416,OZ,10,20,1,1.0,0.0
453416,OZ,11,20,2,2.0,0.0
453416,OZ,13,20,1,1.0,0.0
453416,OZ,14,20,4,4.0,0.0
453416,OZ,15,20,2,2.0,0.0
453416,OZ,21,20,5,5.0,0.0
453416,OZ,22,20,1,1.0,0.0
453416,OZ,24,20,1,1.0,0.0
453416,OZ,33,20,3,3.0,0.0
453416,OZ,41,20,5,5.0,0.0
453416,OZ,46,20,1,1.0,0.0
453416,OZ,47,20,2,2.0,0.0
453416,OZ,48,20,1,1.0,0.0
453416,OZ,51,20,1,1.0,0.0
453416,OZ,53,20,6,6.0,0.0
453416,OZ,55,20,3,3.0,0.0
453416,OZ,60,20,8,8.0,0.0
453416,OZ,63,20,1,1.0,0.0
453416,OZ,66,20,3,3.0,0.0
453416,OZ,67,20,4,4.0,0.0
453416,OZ,70,20,2,2.0,0.0
453416,OZ,71,20,2,2.0,0.0
453416,OZ,73,20,1,1.0,0.0
453416,OZ,76,20,1,1.0,0.0
453416,OZ,78,20,5,5.0,0.0
453416,OZ,80,20,1,1.0,0.0
453416,OZ,86,20,4,4.0,0.0
453416,OZ,94,20,2,2.0,0.0
453416,OZ,E2,20,1,1.0,0.0
453416,OZ,E4,20,1,1.0,0.0
453416,OZ,E5,20,3,3.0,0.0
453416,OZ,E9,20,2,2.0,0.0
453416,OZ,EA,20,2,2.0,0.0
453416,T,10,20,2,2.0,0.0
453416,T,11,20,4,4.0,0.0
453416,T,12,20,1,1.0,0.0
453416,T,14,20,8,8.0,0.0
453416,T,15,20,1,1.0,0.0
453416,T,16,20,1,1.0,0.0
453416,T,21,20,1,1.0,0.0
453416,T,24,20,9,9.0,0.0
453416,T,32,20,5,5.0,0.0
453416,T,42,20,1,1.0,0.0
453416,T,45,20,2,2.0,0.0
453416,T,46,20,2,2.0,0.0
453416,T,51,20,3,3.0,0.0
453416,T,53,20,8,8.0,0.0
453416,T,57,20,1,1.0,0.0
453416,T,63,20,1,1.0,0.0
453416,T,65,20,1,1.0,0.0
453416,T,70,20,1,1.0,0.0
453416,T,74,20,1,1.0,0.0
453416,T,7H,20,1,1.0,0.0
453416,T,86,20,1,1.0,0.0
454549,OF,11,20,2,2.0,0.0
454549,OF,1A,20,1,1.0,0.0
454549,OF,1D,20,58,58.0,0.0
454549,OF,2C,20,1,1.0,0.0
454549,OF,2D,20,93,93.0,0.0
454549,OF,3A,20,103,103.0,0.0
454549,OF,49,20,2,1.0,1.0
454549,OF,52,20,1,1.0,0.0
454549,OF,5D,20,1,1.0,0.0
454549,OF,62,20,1,1.0,0.0
454549,OF,63,20,1,1.0,0.0
454549,OF,69,20,8,1.0,7.0
454549,OF,71,20,2,2.0,0.0
454549,OF,72,20,1,1.0,0.0
454549,OF,80,20,3,3.0,0.0
454549,OF,81,20,1,1.0,0.0
454549,OF,84,20,1,1.0,0.0
454549,OF,86,20,1,1.0,0.0
454549,OF,9D,20,1,1.0,0.0
454549,OF,E2,20,2,2.0,0.0
454549,OF,E4,20,7,7.0,0.0
454549,OF,E6,20,18,18.0,0.0
454549,OF,E8,20,1,1.0,0.0
454549,OF,E9,20,2,2.0,0.0
454549,OF,EB,20,1,1.0,0.0
454549,OZ,11,20,2,1.0,1.0
454549,OZ,12,20,3,3.0,0.0
454549,OZ,22,20,3,3.0,0.0
454549,OZ,32,20,1,1.0,0.0
454549,OZ,41,20,1,1.0,0.0
454549,OZ,43,20,2,2.0,0.0
454549,OZ,47,20,1,1.0,0.0
454549,OZ,51,20,2,2.0,0.0
454549,OZ,55,20,1,1.0,0.0
454549,OZ,66,20,2,2.0,0.0
454549,OZ,71,20,3,3.0,0.0
454549,OZ,74,20,1,1.0,0.0
454549,OZ,76,20,1,1.0,0.0
454549,OZ,80,20,3,3.0,0.0
454549,OZ,81,20,2,2.0,0.0
454549,OZ,83,20,3,3.0,0.0
454549,OZ,86,20,1,1.0,0.0
454549,OZ,E1,20,2,2.0,0.0
454549,OZ,E4,20,6,6.0,0.0
454549,OZ,E5,20,1,1.0,0.0
454549,OZ,E8,20,7,7.0,0.0
454549,OZ,E9,20,12,12.0,0.0
454549,OZ,EA,20,12,12.0,0.0
454549,OZ,EC,20,2,2.0,0.0
454549,OZ,ED,20,2,2.0,0.0
454585,OF,10,20,2,2.0,0.0
454585,OF,3H,20,1,1.0,0.0
454585,OF,59,20,27,0.0,27.0
454585,OF,5A,20,58,0.0,58.0
454585,OF,69,20,66,66.0,0.0
454585,OF,8A,20,49,49.0,0.0
454585,OF,8B,20,3,3.0,0.0
454585,OF,E9,20,1,1.0,0.0
454585,OZ,11,20,1,1.0,0.0
454585,OZ,13,20,4,4.0,0.0
454585,OZ,15,20,2,2.0,0.0
454585,OZ,22,20,4,4.0,0.0
454585,OZ,41,20,3,3.0,0.0
454585,OZ,42,20,3,3.0,0.0
454585,OZ,45,20,1,1.0,0.0
454585,OZ,46,20,1,1.0,0.0
454585,OZ,51,20,1,1.0,0.0
454585,OZ,53,20,2,2.0,0.0
454585,OZ,54,20,1,1.0,0.0
454585,OZ,55,20,2,2.0,0.0
454585,OZ,60,20,1,1.0,0.0
454585,OZ,61,20,4,4.0,0.0
454585,OZ,63,20,1,1.0,0.0
454585,OZ,68,20,2,2.0,0.0
454585,OZ,71,20,1,1.0,0.0
454585,OZ,76,20,1,1.0,0.0
454585,OZ,78,20,7,7.0,0.0
454585,OZ,80,20,1,1.0,0.0
454585,OZ,81,20,1,1.0,0.0
454585,OZ,84,20,3,3.0,0.0
454585,OZ,86,20,4,4.0,0.0
454585,OZ,94,20,2,2.0,0.0
454585,OZ,9D,20,1,1.0,0.0
454585,OZ,E4,20,1,1.0,0.0
454585,OZ,E9,20,1,1.0,0.0
454585,OZ,EA,20,5,5.0,0.0
454585,OZ,EC,20,1,1.0,0.0
454710,OF,42,20,4,4.0,0.0
454710,OF,71,20,6,6.0,0.0
454710,OF,8A,20,26,0.0,26.0
454710,OF,8B,20,24,0.0,24.0
454710,OF,E1,20,2,2.0,0.0
454710,OF,E5,20,2,2.0,0.0
454710,OF,E8,20,1,1.0,0.0
454710,OZ,10,20,1,1.0,0.0
454710,OZ,22,20,1,1.0,0.0
454710,OZ,24,20,1,1.0,0.0
454710,OZ,32,20,2,2.0,0.0
454710,OZ,52,20,1,1.0,0.0
454710,OZ,53,20,3,3.0,0.0
454710,OZ,60,20,15,15.0,0.0
454710,OZ,63,20,1,1.0,0.0
454710,OZ,64,20,1,1.0,0.0
454710,OZ,66,20,1,1.0,0.0
454710,OZ,67,20,1,1.0,0.0
454710,OZ,78,20,1,1.0,0.0
454710,OZ,81,20,2,2.0,0.0
454710,OZ,83,20,2,2.0,0.0
454710,OZ,84,20,2,2.0,0.0
454710,OZ,86,20,5,5.0,0.0
454710,OZ,94,20,4,4.0,0.0
454710,OZ,E3,20,4,4.0,0.0
454710,OZ,E4,20,1,1.0,0.0
454710,OZ,E5,20,6,6.0,0.0
454710,OZ,EA,20,2,2.0,0.0
453273,IF,79,20,123,0.0,123.0
453273,IZ,68,20,208,0.0,208.0
453273,T,43,20,288,0.0,288.0
453273,T,44,20,19,0.0,19.0
453273,T,54,20,1,0.0,1.0
453273,T,65,20,1,0.0,1.0
453273,T,74,20,1,0.0,1.0
453307,IF,79,20,89,0.0,89.0
453307,IZ,68,20,2,0.0,2.0
453307,T,53,20,170,0.0,170.0
453307,T,64,20,1,0.0,1.0
454548,IF,7G,20,2,0.0,2.0
454548,T,13,20,279,0.0,279.0
454548,T,24,20,1,0.0,1.0
454548,T,32,20,440,0.0,440.0
454548,T,33,20,392,0.0,392.0
454548,T,42,20,331,0.0,331.0
454548,T,52,20,279,0.0,279.0
454548,T,83,20,24,0.0,24.0
453250,OF,12,40,1,1.0,0.0
453250,OF,14,40,2,2.0,0.0
453250,OF,19,40,1,1.0,0.0
453250,OF,1C,40,134,134.0,0.0
453250,OF,29,40,162,67.0,95.0
453250,OF,2A,40,129,6.0,123.0
453250,OF,2B,40,4,4.0,0.0
453250,OF,2D,40,1,1.0,0.0
453250,OF,39,40,8,0.0,8.0
453250,OF,3H,40,1,1.0,0.0
453250,OF,49,40,114,1.0,113.0
453250,OF,4C,40,80,80.0,0.0
453250,OF,55,40,1,1.0,0.0
453250,OF,5B,40,162,161.0,1.0
453250,OF,5D,40,1,1.0,0.0
453250,OF,61,40,1,1.0,0.0
453250,OF,63,40,1,1.0,0.0
453250,OF,64,40,1,1.0,0.0
453250,OF,67,40,1,1.0,0.0
453250,OF,6A,40,161,104.0,57.0
453250,OF,6C,40,85,85.0,0.0
453250,OF,6H,40,1,1.0,0.0
453250,OF,77,40,1,1.0,0.0
453250,OF,83,40,1,1.0,0.0
453250,OF,93,40,1,1.0,0.0
453250,OF,E4,40,16,16.0,0.0
453250,OF,E5,40,2,2.0,0.0
453250,OF,E6,40,14,14.0,0.0
453250,OF,E7,40,14,14.0,0.0
453250,OF,E9,40,12,12.0,0.0
453250,OF,EC,40,1,1.0,0.0
453250,OF,ED,40,10,10.0,0.0
453250,OF,EE,40,21,21.0,0.0
453250,OZ,10,40,2,1.0,1.0
453250,OZ,13,40,1,1.0,0.0
453250,OZ,22,40,1,1.0,0.0
453250,OZ,23,40,1,1.0,0.0
453250,OZ,29,40,2,2.0,0.0
453250,OZ,38,40,2,2.0,0.0
453250,OZ,40,40,1,1.0,0.0
453250,OZ,42,40,1,1.0,0.0
453250,OZ,43,40,1,1.0,0.0
453250,OZ,45,40,1,1.0,0.0
453250,OZ,47,40,4,4.0,0.0
453250,OZ,4C,40,1,1.0,0.0
453250,OZ,51,40,1,1.0,0.0
453250,OZ,52,40,1,1.0,0.0
453250,OZ,54,40,2,2.0,0.0
453250,OZ,55,40,2,2.0,0.0
453250,OZ,57,40,1,1.0,0.0
453250,OZ,61,40,1,1.0,0.0
453250,OZ,62,40,2,2.0,0.0
453250,OZ,63,40,3,3.0,0.0
453250,OZ,65,40,9,9.0,0.0
453250,OZ,67,40,4,4.0,0.0
453250,OZ,71,40,1,1.0,0.0
453250,OZ,73,40,3,3.0,0.0
453250,OZ,74,40,1,1.0,0.0
453250,OZ,75,40,5,5.0,0.0
453250,OZ,76,40,3,3.0,0.0
453250,OZ,77,40,2,2.0,0.0
453250,OZ,78,40,1,1.0,0.0
453250,OZ,80,40,3,3.0,0.0
453250,OZ,84,40,1,1.0,0.0
453250,OZ,85,40,1,1.0,0.0
453250,OZ,87,40,4,4.0,0.0
453250,OZ,8H,40,1,1.0,0.0
453250,OZ,93,40,11,11.0,0.0
453250,OZ,AD,40,1,1.0,0.0
453250,OZ,E1,40,1,1.0,0.0
453250,OZ,E2,40,4,4.0,0.0
453250,OZ,E4,40,4,4.0,0.0
453250,OZ,E5,40,3,3.0,0.0
453250,OZ,E9,40,2,2.0,0.0
453250,OZ,EA,40,1,1.0,0.0
453250,OZ,EB,40,2,2.0,0.0
453250,OZ,EC,40,6,6.0,0.0
453250,T,10,40,1,1.0,0.0
453250,T,11,40,3,3.0,0.0
453250,T,12,40,2,2.0,0.0
453250,T,13,40,2,2.0,0.0
453250,T,14,40,1,1.0,0.0
453250,T,15,40,1,1.0,0.0
453250,T,1C,40,12,12.0,0.0
453250,T,21,40,1,1.0,0.0
453250,T,22,40,34,1.0,33.0
453250,T,24,40,3,3.0,0.0
453250,T,27,40,1,1.0,0.0
453250,T,29,40,5,5.0,0.0
453250,T,30,40,4,4.0,0.0
453250,T,31,40,4,4.0,0.0
453250,T,32,40,3,3.0,0.0
453250,T,33,40,4,4.0,0.0
453250,T,3A,40,1,1.0,0.0
453250,T,3G,40,15,15.0,0.0
453250,T,3H,40,9,9.0,0.0
453250,T,3J,40,28,28.0,0.0
453250,T,3K,40,13,13.0,0.0
453250,T,40,40,3,3.0,0.0
453250,T,41,40,1,1.0,0.0
453250,T,42,40,4,4.0,0.0
453250,T,43,40,4,4.0,0.0
453250,T,44,40,1,1.0,0.0
453250,T,45,40,14,14.0,0.0
453250,T,47,40,6,6.0,0.0
453250,T,4C,40,1,1.0,0.0
453250,T,51,40,2,2.0,0.0
453250,T,52,40,12,12.0,0.0
453250,T,53,40,8,8.0,0.0
453250,T,54,40,4,4.0,0.0
453250,T,55,40,9,9.0,0.0
453250,T,57,40,6,6.0,0.0
453250,T,58,40,7,7.0,0.0
453250,T,5B,40,1,1.0,0.0
453250,T,60,40,2,2.0,0.0
453250,T,61,40,6,6.0,0.0
453250,T,62,40,25,6.0,19.0
453250,T,63,40,5,5.0,0.0
453250,T,64,40,5,5.0,0.0
453250,T,65,40,15,15.0,0.0
453250,T,66,40,6,6.0,0.0
453250,T,67,40,112,112.0,0.0
453250,T,68,40,3,3.0,0.0
453250,T,6A,40,4,4.0,0.0
453250,T,6C,40,9,9.0,0.0
453250,T,70,40,1,1.0,0.0
453250,T,71,40,5,5.0,0.0
453250,T,72,40,3,3.0,0.0
453250,T,73,40,6,6.0,0.0
453250,T,74,40,8,8.0,0.0
453250,T,75,40,3,3.0,0.0
453250,T,76,40,6,6.0,0.0
453250,T,77,40,147,147.0,0.0
453250,T,80,40,1,1.0,0.0
453250,T,81,40,8,8.0,0.0
453250,T,82,40,6,6.0,0.0
453250,T,83,40,3,3.0,0.0
453250,T,84,40,3,3.0,0.0
453250,T,85,40,8,8.0,0.0
453250,T,86,40,3,3.0,0.0
453250,T,87,40,36,36.0,0.0
453250,T,8G,40,19,19.0,0.0
453250,T,8H,40,8,8.0,0.0
453250,T,9D,40,1,1.0,0.0
453250,T,E1,40,4,4.0,0.0
453250,T,E2,40,6,6.0,0.0
453250,T,E3,40,1,1.0,0.0
453250,T,E4,40,13,13.0,0.0
453250,T,E5,40,11,11.0,0.0
453250,T,E6,40,7,7.0,0.0
453250,T,E7,40,6,6.0,0.0
453250,T,E8,40,6,6.0,0.0
453250,T,E9,40,12,12.0,0.0
453250,T,EA,40,12,12.0,0.0
453250,T,EB,40,8,8.0,0.0
453250,T,EC,40,28,28.0,0.0
453250,T,ED,40,10,10.0,0.0
453250,T,EE,40,11,11.0,0.0
453308,OF,10,40,1,1.0,0.0
453308,OF,12,40,1,1.0,0.0
453308,OF,13,40,1,1.0,0.0
453308,OF,14,40,1,1.0,0.0
453308,OF,21,40,1,1.0,0.0
453308,OF,23,40,1,1.0,0.0
453308,OF,29,40,11,1.0,10.0
453308,OF,2C,40,62,62.0,0.0
453308,OF,30,40,1,1.0,0.0
453308,OF,31,40,2,2.0,0.0
453308,OF,32,40,2,2.0,0.0
453308,OF,33,40,1,1.0,0.0
453308,OF,3A,40,12,12.0,0.0
453308,OF,3B,40,15,15.0,0.0
453308,OF,3G,40,2,2.0,0.0
453308,OF,3K,40,2,2.0,0.0
453308,OF,41,40,3,3.0,0.0
453308,OF,42,40,1,1.0,0.0
453308,OF,43,40,3,3.0,0.0
453308,OF,49,40,2,2.0,0.0
453308,OF,52,40,1,1.0,0.0
453308,OF,53,40,3,3.0,0.0
453308,OF,59,40,230,230.0,0.0
453308,OF,5C,40,205,205.0,0.0
453308,OF,61,40,3,3.0,0.0
453308,OF,62,40,2,2.0,0.0
453308,OF,63,40,3,3.0,0.0
453308,OF,65,40,4,4.0,0.0
453308,OF,66,40,4,4.0,0.0
453308,OF,69,40,1,1.0,0.0
453308,OF,6A,40,209,187.0,22.0
453308,OF,6D,40,3,3.0,0.0
453308,OF,6G,40,1,1.0,0.0
453308,OF,6H,40,5,5.0,0.0
453308,OF,6K,40,5,5.0,0.0
453308,OF,70,40,3,3.0,0.0
453308,OF,71,40,2,2.0,0.0
453308,OF,73,40,2,2.0,0.0
453308,OF,75,40,2,2.0,0.0
453308,OF,76,40,7,7.0,0.0
453308,OF,77,40,1,1.0,0.0
453308,OF,78,40,5,5.0,0.0
453308,OF,7A,40,1,1.0,0.0
453308,OF,7C,40,3,3.0,0.0
453308,OF,7D,40,2,2.0,0.0
453308,OF,80,40,3,3.0,0.0
453308,OF,81,40,1,1.0,0.0
453308,OF,82,40,7,7.0,0.0
453308,OF,83,40,2,2.0,0.0
453308,OF,84,40,1,1.0,0.0
453308,OF,85,40,1,1.0,0.0
453308,OF,86,40,1,1.0,0.0
453308,OF,89,40,255,254.0,1.0
453308,OF,94,40,2,2.0,0.0
453308,OF,9B,40,5,5.0,0.0
453308,OF,9D,40,4,4.0,0.0
453308,OF,AB,40,7,7.0,0.0
453308,OF,AC,40,6,6.0,0.0
453308,OF,AD,40,9,9.0,0.0
453308,OF,E2,40,1,1.0,0.0
453308,OF,E4,40,4,4.0,0.0
453308,OF,E5,40,20,20.0,0.0
453308,OF,E6,40,28,28.0,0.0
453308,OF,E7,40,38,38.0,0.0
453308,OF,E9,40,2,2.0,0.0
453308,OF,EA,40,21,21.0,0.0
453308,OF,EB,40,1,1.0,0.0
453308,OF,EC,40,78,78.0,0.0
453308,OF,ED,40,69,69.0,0.0
453308,OF,EE,40,74,74.0,0.0
453308,OZ,10,40,1,1.0,0.0
453308,OZ,11,40,3,3.0,0.0
453308,OZ,12,40,2,2.0,0.0
453308,OZ,14,40,1,1.0,0.0
453308,OZ,21,40,1,1.0,0.0
453308,OZ,22,40,4,4.0,0.0
453308,OZ,30,40,4,4.0,0.0
453308,OZ,31,40,4,4.0,0.0
453308,OZ,32,40,2,2.0,0.0
453308,OZ,33,40,2,2.0,0.0
453308,OZ,38,40,1,1.0,0.0
453308,OZ,40,40,1,1.0,0.0
453308,OZ,41,40,4,4.0,0.0
453308,OZ,42,40,3,3.0,0.0
453308,OZ,43,40,7,7.0,0.0
453308,OZ,47,40,2,2.0,0.0
453308,OZ,48,40,2,2.0,0.0
453308,OZ,51,40,3,3.0,0.0
453308,OZ,52,40,3,3.0,0.0
453308,OZ,53,40,2,2.0,0.0
453308,OZ,54,40,1,1.0,0.0
453308,OZ,55,40,1,1.0,0.0
453308,OZ,59,40,1,1.0,0.0
453308,OZ,60,40,2,2.0,0.0
453308,OZ,61,40,3,3.0,0.0
453308,OZ,62,40,6,6.0,0.0
453308,OZ,63,40,1,1.0,0.0
453308,OZ,65,40,1,1.0,0.0
453308,OZ,66,40,4,4.0,0.0
453308,OZ,67,40,1,1.0,0.0
453308,OZ,6A,40,1,1.0,0.0
453308,OZ,70,40,1,1.0,0.0
453308,OZ,71,40,2,2.0,0.0
453308,OZ,72,40,5,5.0,0.0
453308,OZ,73,40,3,3.0,0.0
453308,OZ,74,40,2,2.0,0.0
453308,OZ,75,40,2,2.0,0.0
453308,OZ,76,40,1,1.0,0.0
453308,OZ,77,40,1,1.0,0.0
453308,OZ,78,40,3,3.0,0.0
453308,OZ,80,40,2,2.0,0.0
453308,OZ,81,40,1,1.0,0.0
453308,OZ,82,40,4,4.0,0.0
453308,OZ,83,40,1,1.0,0.0
453308,OZ,85,40,1,1.0,0.0
453308,OZ,86,40,2,2.0,0.0
453308,OZ,89,40,1,1.0,0.0
453308,OZ,93,40,1,1.0,0.0
453308,OZ,94,40,1,1.0,0.0
453308,OZ,E1,40,18,18.0,0.0
453308,OZ,E2,40,6,6.0,0.0
453308,OZ,E3,40,1,1.0,0.0
453308,OZ,E4,40,6,6.0,0.0
453308,OZ,E5,40,7,7.0,0.0
453308,OZ,E6,40,1,1.0,0.0
453308,OZ,E8,40,12,12.0,0.0
453308,OZ,E9,40,3,3.0,0.0
453308,OZ,EA,40,8,8.0,0.0
453308,OZ,EB,40,3,3.0,0.0
453308,OZ,EC,40,4,4.0,0.0
453308,OZ,ED,40,1,1.0,0.0
453308,T,11,40,3,3.0,0.0
453308,T,12,40,2,2.0,0.0
453308,T,14,40,3,3.0,0.0
453308,T,16,40,5,5.0,0.0
453308,T,17,40,4,4.0,0.0
453308,T,23,40,1,1.0,0.0
453308,T,26,40,2,2.0,0.0
453308,T,27,40,3,3.0,0.0
453308,T,32,40,2,2.0,0.0
453308,T,33,40,1,1.0,0.0
453308,T,3G,40,3,3.0,0.0
453308,T,3H,40,1,1.0,0.0
453308,T,41,40,1,1.0,0.0
453308,T,42,40,1,1.0,0.0
453308,T,43,40,1,1.0,0.0
453308,T,46,40,1,1.0,0.0
453308,T,47,40,1,1.0,0.0
453308,T,49,40,1,1.0,0.0
453308,T,51,40,2,2.0,0.0
453308,T,52,40,8,8.0,0.0
453308,T,53,40,1,1.0,0.0
453308,T,60,40,1,1.0,0.0
453308,T,61,40,11,11.0,0.0
453308,T,62,40,2,0.0,2.0
453308,T,63,40,5,5.0,0.0
453308,T,6H,40,2,2.0,0.0
453308,T,70,40,1,1.0,0.0
453308,T,71,40,1,1.0,0.0
453308,T,72,40,6,6.0,0.0
453308,T,73,40,1,1.0,0.0
453308,T,76,40,6,6.0,0.0
453308,T,80,40,1,1.0,0.0
453308,T,81,40,1,1.0,0.0
453308,T,82,40,1,1.0,0.0
453308,T,9D,40,1,1.0,0.0
453308,T,AD,40,1,1.0,0.0
453308,T,E1,40,2,2.0,0.0
453308,T,E2,40,2,2.0,0.0
453308,T,E4,40,3,3.0,0.0
453308,T,E5,40,2,2.0,0.0
453308,T,E7,40,2,2.0,0.0
453308,T,E8,40,6,6.0,0.0
453308,T,E9,40,4,4.0,0.0
453308,T,EA,40,17,17.0,0.0
453308,T,EB,40,6,6.0,0.0
453308,T,EC,40,17,17.0,0.0
453308,T,EE,40,2,2.0,0.0
453324,OF,14,40,2,2.0,0.0
453324,OF,19,40,262,262.0,0.0
453324,OF,1A,40,39,39.0,0.0
453324,OF,1C,40,74,74.0,0.0
453324,OF,1D,40,1,1.0,0.0
453324,OF,21,40,2,2.0,0.0
453324,OF,28,40,243,243.0,0.0
453324,OF,29,40,6,3.0,3.0
453324,OF,2B,40,120,120.0,0.0
453324,OF,2C,40,20,20.0,0.0
453324,OF,2K,40,40,40.0,0.0
453324,OF,38,40,24,0.0,24.0
453324,OF,39,40,232,232.0,0.0
453324,OF,3B,40,1,1.0,0.0
453324,OF,3G,40,1,1.0,0.0
453324,OF,3H,40,1,1.0,0.0
453324,OF,3J,40,1,1.0,0.0
453324,OF,3K,40,1,1.0,0.0
453324,OF,58,40,1,1.0,0.0
453324,OF,61,40,1,1.0,0.0
453324,OF,63,40,1,1.0,0.0
453324,OF,65,40,1,1.0,0.0
453324,OF,66,40,3,3.0,0.0
453324,OF,67,40,3,3.0,0.0
453324,OF,72,40,1,1.0,0.0
453324,OF,76,40,1,1.0,0.0
453324,OF,78,40,1,1.0,0.0
453324,OF,80,40,1,1.0,0.0
453324,OF,81,40,2,2.0,0.0
453324,OF,83,40,1,1.0,0.0
453324,OF,84,40,1,1.0,0.0
453324,OF,85,40,3,3.0,0.0
453324,OF,88,40,3,3.0,0.0
453324,OF,94,40,2,2.0,0.0
453324,OF,9D,40,2,2.0,0.0
453324,OF,AC,40,28,28.0,0.0
453324,OF,AD,40,2,2.0,0.0
453324,OF,E2,40,3,3.0,0.0
453324,OF,E4,40,3,3.0,0.0
453324,OF,E5,40,3,3.0,0.0
453324,OF,E6,40,18,18.0,0.0
453324,OF,E7,40,14,14.0,0.0
453324,OF,E9,40,2,2.0,0.0
453324,OF,EA,40,2,2.0,0.0
453324,OF,EB,40,2,2.0,0.0
453324,OF,EC,40,5,5.0,0.0
453324,OF,ED,40,19,19.0,0.0
453324,OF,EE,40,42,42.0,0.0
453324,OZ,10,40,1,1.0,0.0
453324,OZ,12,40,1,1.0,0.0
453324,OZ,13,40,1,1.0,0.0
453324,OZ,21,40,2,2.0,0.0
453324,OZ,24,40,1,1.0,0.0
453324,OZ,30,40,6,6.0,0.0
453324,OZ,31,40,2,2.0,0.0
453324,OZ,32,40,1,1.0,0.0
453324,OZ,40,40,3,3.0,0.0
453324,OZ,41,40,2,2.0,0.0
453324,OZ,42,40,2,2.0,0.0
453324,OZ,45,40,1,1.0,0.0
453324,OZ,52,40,1,1.0,0.0
453324,OZ,53,40,1,1.0,0.0
453324,OZ,54,40,1,1.0,0.0
453324,OZ,62,40,2,2.0,0.0
453324,OZ,63,40,2,2.0,0.0
453324,OZ,65,40,4,4.0,0.0
453324,OZ,66,40,4,4.0,0.0
453324,OZ,70,40,1,1.0,0.0
453324,OZ,72,40,1,1.0,0.0
453324,OZ,74,40,2,2.0,0.0
453324,OZ,75,40,2,2.0,0.0
453324,OZ,78,40,1,1.0,0.0
453324,OZ,81,40,1,1.0,0.0
453324,OZ,82,40,3,3.0,0.0
453324,OZ,83,40,1,1.0,0.0
453324,OZ,86,40,1,1.0,0.0
453324,OZ,88,40,1,1.0,0.0
453324,OZ,E2,40,3,3.0,0.0
453324,OZ,E3,40,2,2.0,0.0
453324,OZ,E4,40,10,10.0,0.0
453324,OZ,E5,40,7,7.0,0.0
453324,OZ,E8,40,1,1.0,0.0
453324,OZ,E9,40,23,23.0,0.0
453324,OZ,EA,40,10,10.0,0.0
453324,OZ,EB,40,16,16.0,0.0
453324,OZ,EC,40,7,7.0,0.0
453324,T,10,40,3,3.0,0.0
453324,T,11,40,5,5.0,0.0
453324,T,12,40,1,1.0,0.0
453324,T,13,40,5,5.0,0.0
453324,T,14,40,3,3.0,0.0
453324,T,16,40,2,2.0,0.0
453324,T,17,40,3,3.0,0.0
453324,T,19,40,2,2.0,0.0
453324,T,21,40,4,4.0,0.0
453324,T,22,40,4,4.0,0.0
453324,T,23,40,4,4.0,0.0
453324,T,24,40,5,5.0,0.0
453324,T,27,40,2,2.0,0.0
453324,T,2B,40,1,1.0,0.0
453324,T,30,40,9,9.0,0.0
453324,T,31,40,2,2.0,0.0
453324,T,32,40,1,1.0,0.0
453324,T,33,40,8,8.0,0.0
453324,T,38,40,1,1.0,0.0
453324,T,3G,40,2,2.0,0.0
453324,T,3J,40,2,2.0,0.0
453324,T,41,40,4,4.0,0.0
453324,T,42,40,2,2.0,0.0
453324,T,43,40,8,8.0,0.0
453324,T,44,40,2,2.0,0.0
453324,T,45,40,22,22.0,0.0
453324,T,47,40,7,7.0,0.0
453324,T,48,40,2,2.0,0.0
453324,T,49,40,2,2.0,0.0
453324,T,51,40,2,2.0,0.0
453324,T,52,40,16,16.0,0.0
453324,T,53,40,2,2.0,0.0
453324,T,54,40,2,2.0,0.0
453324,T,55,40,14,14.0,0.0
453324,T,60,40,20,20.0,0.0
453324,T,61,40,5,5.0,0.0
453324,T,62,40,5,5.0,0.0
453324,T,63,40,7,7.0,0.0
453324,T,64,40,7,7.0,0.0
453324,T,65,40,30,30.0,0.0
453324,T,66,40,4,4.0,0.0
453324,T,67,40,2,2.0,0.0
453324,T,6G,40,1,1.0,0.0
453324,T,70,40,4,4.0,0.0
453324,T,71,40,15,15.0,0.0
453324,T,72,40,8,5.0,3.0
453324,T,73,40,16,16.0,0.0
453324,T,74,40,1,1.0,0.0
453324,T,75,40,11,11.0,0.0
453324,T,76,40,8,8.0,0.0
453324,T,77,40,3,3.0,0.0
453324,T,78,40,9,9.0,0.0
453324,T,80,40,8,8.0,0.0
453324,T,81,40,7,7.0,0.0
453324,T,82,40,2,2.0,0.0
453324,T,83,40,5,5.0,0.0
453324,T,85,40,10,10.0,0.0
453324,T,86,40,2,2.0,0.0
453324,T,87,40,3,3.0,0.0
453324,T,88,40,11,11.0,0.0
453324,T,89,40,2,2.0,0.0
453324,T,8A,40,13,13.0,0.0
453324,T,8G,40,4,4.0,0.0
453324,T,8H,40,4,4.0,0.0
453324,T,94,40,1,1.0,0.0
453324,T,E1,40,5,5.0,0.0
453324,T,E2,40,32,32.0,0.0
453324,T,E4,40,55,55.0,0.0
453324,T,E5,40,53,53.0,0.0
453324,T,E6,40,1,1.0,0.0
453324,T,E8,40,2,2.0,0.0
453324,T,E9,40,39,39.0,0.0
453324,T,EA,40,60,60.0,0.0
453324,T,EB,40,48,48.0,0.0
453324,T,EC,40,49,49.0,0.0
453324,T,EE,40,1,1.0,0.0
453352,OF,44,40,12,12.0,0.0
453352,OF,54,40,9,9.0,0.0
453352,OF,61,40,1,1.0,0.0
453352,OF,64,40,3,3.0,0.0
453352,OF,89,40,78,0.0,78.0
453352,OF,8A,40,78,0.0,78.0
453352,T,10,40,1,1.0,0.0
453352,T,21,40,8,8.0,0.0
453352,T,22,40,4,1.0,3.0
453352,T,23,40,21,21.0,0.0
453352,T,30,40,2,2.0,0.0
453352,T,33,40,2,2.0,0.0
453352,T,3G,40,1,1.0,0.0
453352,T,3H,40,1,1.0,0.0
453352,T,3J,40,10,10.0,0.0
453352,T,3K,40,6,6.0,0.0
453352,T,45,40,11,11.0,0.0
453352,T,51,40,2,2.0,0.0
453352,T,57,40,3,3.0,0.0
453352,T,60,40,2,2.0,0.0
453352,T,61,40,3,3.0,0.0
453352,T,64,40,10,10.0,0.0
453352,T,70,40,1,1.0,0.0
453352,T,71,40,1,1.0,0.0
453352,T,74,40,7,7.0,0.0
453352,T,80,40,2,2.0,0.0
453352,T,81,40,1,1.0,0.0
453352,T,AC,40,3,3.0,0.0
453352,T,AD,40,4,4.0,0.0
453356,OF,10,40,1,1.0,0.0
453356,OF,11,40,1,1.0,0.0
453356,OF,19,40,6,6.0,0.0
453356,OF,1B,40,179,179.0,0.0
453356,OF,1D,40,108,108.0,0.0
453356,OF,28,40,118,13.0,105.0
453356,OF,29,40,160,98.0,62.0
453356,OF,2A,40,38,37.0,1.0
453356,OF,2B,40,1,1.0,0.0
453356,OF,30,40,1,1.0,0.0
453356,OF,38,40,4,3.0,1.0
453356,OF,39,40,2,1.0,1.0
453356,OF,3A,40,2,2.0,0.0
453356,OF,3D,40,1,1.0,0.0
453356,OF,45,40,1,1.0,0.0
453356,OF,47,40,2,2.0,0.0
453356,OF,54,40,1,1.0,0.0
453356,OF,60,40,2,2.0,0.0
453356,OF,61,40,3,3.0,0.0
453356,OF,62,40,1,1.0,0.0
453356,OF,64,40,1,1.0,0.0
453356,OF,65,40,1,1.0,0.0
453356,OF,66,40,1,1.0,0.0
453356,OF,67,40,1,1.0,0.0
453356,OF,68,40,1,1.0,0.0
453356,OF,70,40,2,2.0,0.0
453356,OF,71,40,1,1.0,0.0
453356,OF,72,40,1,1.0,0.0
453356,OF,73,40,1,1.0,0.0
453356,OF,74,40,2,2.0,0.0
453356,OF,76,40,1,1.0,0.0
453356,OF,81,40,2,2.0,0.0
453356,OF,86,40,1,1.0,0.0
453356,OF,93,40,1,1.0,0.0
453356,OF,AC,40,3,3.0,0.0
453356,OF,AD,40,1,1.0,0.0
453356,OF,E4,40,2,2.0,0.0
453356,OF,E5,40,1,1.0,0.0
453356,OF,E6,40,6,6.0,0.0
453356,OF,E7,40,15,15.0,0.0
453356,OF,E9,40,2,2.0,0.0
453356,OF,EA,40,3,3.0,0.0
453356,OF,EB,40,3,3.0,0.0
453356,OF,EC,40,33,33.0,0.0
453356,OF,ED,40,41,41.0,0.0
453356,OZ,10,40,1,1.0,0.0
453356,OZ,12,40,2,2.0,0.0
453356,OZ,14,40,2,2.0,0.0
453356,OZ,15,40,1,1.0,0.0
453356,OZ,16,40,1,1.0,0.0
453356,OZ,1A,40,1,1.0,0.0
453356,OZ,22,40,2,2.0,0.0
453356,OZ,23,40,4,4.0,0.0
453356,OZ,29,40,4,4.0,0.0
453356,OZ,2A,40,3,3.0,0.0
453356,OZ,31,40,3,3.0,0.0
453356,OZ,41,40,3,3.0,0.0
453356,OZ,45,40,2,2.0,0.0
453356,OZ,46,40,1,1.0,0.0
453356,OZ,47,40,1,1.0,0.0
453356,OZ,51,40,8,8.0,0.0
453356,OZ,52,40,2,2.0,0.0
453356,OZ,53,40,1,1.0,0.0
453356,OZ,54,40,1,1.0,0.0
453356,OZ,62,40,1,1.0,0.0
453356,OZ,64,40,1,1.0,0.0
453356,OZ,65,40,4,4.0,0.0
453356,OZ,72,40,2,2.0,0.0
453356,OZ,73,40,2,2.0,0.0
453356,OZ,75,40,1,1.0,0.0
453356,OZ,77,40,1,1.0,0.0
453356,OZ,81,40,3,3.0,0.0
453356,OZ,82,40,3,3.0,0.0
453356,OZ,83,40,4,4.0,0.0
453356,OZ,84,40,1,1.0,0.0
453356,OZ,85,40,1,1.0,0.0
453356,OZ,86,40,1,1.0,0.0
453356,OZ,87,40,8,8.0,0.0
453356,OZ,E2,40,8,8.0,0.0
453356,OZ,E3,40,2,2.0,0.0
453356,OZ,E4,40,15,15.0,0.0
453356,OZ,E5,40,8,8.0,0.0
453356,OZ,E8,40,1,1.0,0.0
453356,OZ,E9,40,8,8.0,0.0
453356,OZ,EA,40,3,3.0,0.0
453356,OZ,EB,40,10,10.0,0.0
453356,OZ,EC,40,9,9.0,0.0
453356,T,12,40,3,3.0,0.0
453356,T,14,40,3,3.0,0.0
453356,T,17,40,1,1.0,0.0
453356,T,22,40,3,0.0,3.0
453356,T,24,40,1,1.0,0.0
453356,T,27,40,4,4.0,0.0
453356,T,29,40,1,1.0,0.0
453356,T,2A,40,10,10.0,0.0
453356,T,32,40,1,1.0,0.0
453356,T,3G,40,3,3.0,0.0
453356,T,3H,40,1,1.0,0.0
453356,T,3K,40,2,2.0,0.0
453356,T,42,40,6,6.0,0.0
453356,T,43,40,1,1.0,0.0
453356,T,44,40,1,1.0,0.0
453356,T,45,40,1,1.0,0.0
453356,T,47,40,5,5.0,0.0
453356,T,49,40,1,1.0,0.0
453356,T,52,40,6,6.0,0.0
453356,T,53,40,1,1.0,0.0
453356,T,54,40,5,5.0,0.0
453356,T,55,40,10,10.0,0.0
453356,T,58,40,4,4.0,0.0
453356,T,60,40,1,1.0,0.0
453356,T,61,40,2,2.0,0.0
453356,T,62,40,3,3.0,0.0
453356,T,63,40,7,7.0,0.0
453356,T,64,40,6,6.0,0.0
453356,T,65,40,9,9.0,0.0
453356,T,66,40,9,9.0,0.0
453356,T,68,40,9,9.0,0.0
453356,T,69,40,1,1.0,0.0
453356,T,71,40,4,4.0,0.0
453356,T,73,40,1,1.0,0.0
453356,T,74,40,7,7.0,0.0
453356,T,75,40,7,7.0,0.0
453356,T,77,40,1,1.0,0.0
453356,T,78,40,4,4.0,0.0
453356,T,81,40,2,2.0,0.0
453356,T,83,40,3,3.0,0.0
453356,T,84,40,3,3.0,0.0
453356,T,86,40,1,1.0,0.0
453356,T,87,40,2,2.0,0.0
453356,T,88,40,46,46.0,0.0
453356,T,8A,40,4,4.0,0.0
453356,T,8G,40,12,12.0,0.0
453356,T,8H,40,5,5.0,0.0
453356,T,94,40,1,1.0,0.0
453356,T,AC,40,1,1.0,0.0
453356,T,E1,40,3,3.0,0.0
453356,T,E2,40,6,6.0,0.0
453356,T,E3,40,1,1.0,0.0
453356,T,E4,40,10,10.0,0.0
453356,T,E5,40,13,13.0,0.0
453356,T,E8,40,3,3.0,0.0
453356,T,E9,40,7,7.0,0.0
453356,T,EA,40,15,15.0,0.0
453356,T,EB,40,16,16.0,0.0
453356,T,EC,40,1,1.0,0.0
453388,OF,10,40,2,2.0,0.0
453388,OF,14,40,3,3.0,0.0
453388,OF,19,40,46,0.0,46.0
453388,OF,2B,40,103,0.0,103.0
453388,OF,32,40,1,1.0,0.0
453388,OF,4A,40,134,85.0,49.0
453388,OF,4B,40,135,2.0,133.0
453388,OF,66,40,1,1.0,0.0
453388,OF,69,40,134,0.0,134.0
453388,OF,75,40,2,2.0,0.0
453388,OF,80,40,1,1.0,0.0
453388,OF,88,40,1,1.0,0.0
453388,OF,E2,40,1,1.0,0.0
453388,OF,E5,40,1,1.0,0.0
453388,OF,EA,40,1,1.0,0.0
453388,OF,EC,40,1,1.0,0.0
453388,OF,ED,40,1,1.0,0.0
453388,OZ,11,40,5,5.0,0.0
453388,OZ,14,40,1,1.0,0.0
453388,OZ,24,40,1,1.0,0.0
453388,OZ,30,40,1,1.0,0.0
453388,OZ,41,40,1,1.0,0.0
453388,OZ,45,40,3,3.0,0.0
453388,OZ,54,40,1,1.0,0.0
453388,OZ,61,40,1,1.0,0.0
453388,OZ,63,40,2,2.0,0.0
453388,OZ,65,40,4,4.0,0.0
453388,OZ,66,40,2,2.0,0.0
453388,OZ,72,40,1,1.0,0.0
453388,OZ,75,40,5,5.0,0.0
453388,OZ,83,40,1,1.0,0.0
453388,OZ,85,40,2,2.0,0.0
453388,OZ,E1,40,2,2.0,0.0
453388,OZ,E2,40,4,4.0,0.0
453388,OZ,E4,40,3,3.0,0.0
453388,OZ,E5,40,4,4.0,0.0
453388,OZ,E8,40,1,1.0,0.0
453388,OZ,E9,40,7,7.0,0.0
453388,OZ,EB,40,11,11.0,0.0
453388,OZ,EC,40,9,9.0,0.0
453388,T,11,40,5,5.0,0.0
453388,T,12,40,2,2.0,0.0
453388,T,13,40,3,3.0,0.0
453388,T,14,40,1,1.0,0.0
453388,T,23,40,1,1.0,0.0
453388,T,31,40,1,1.0,0.0
453388,T,37,40,1,1.0,0.0
453388,T,3G,40,7,7.0,0.0
453388,T,3H,40,11,11.0,0.0
453388,T,3J,40,17,17.0,0.0
453388,T,3K,40,22,22.0,0.0
453388,T,41,40,2,2.0,0.0
453388,T,45,40,1,1.0,0.0
453388,T,54,40,2,2.0,0.0
453388,T,57,40,1,1.0,0.0
453388,T,61,40,2,2.0,0.0
453388,T,62,40,10,4.0,6.0
453388,T,63,40,1,1.0,0.0
453388,T,65,40,1,1.0,0.0
453388,T,66,40,5,5.0,0.0
453388,T,67,40,34,34.0,0.0
453388,T,69,40,1,1.0,0.0
453388,T,70,40,1,1.0,0.0
453388,T,71,40,2,2.0,0.0
453388,T,72,40,1,1.0,0.0
453388,T,75,40,4,4.0,0.0
453388,T,77,40,9,9.0,0.0
453388,T,81,40,2,2.0,0.0
453388,T,84,40,1,1.0,0.0
453388,T,8A,40,2,2.0,0.0
453388,T,93,40,4,4.0,0.0
453388,T,9D,40,3,3.0,0.0
453388,T,E1,40,4,4.0,0.0
453388,T,E2,40,14,14.0,0.0
453388,T,E4,40,10,10.0,0.0
453388,T,E5,40,17,17.0,0.0
453388,T,E8,40,1,1.0,0.0
453388,T,E9,40,19,19.0,0.0
453388,T,EA,40,7,7.0,0.0
453388,T,EB,40,4,4.0,0.0
453388,T,EC,40,12,12.0,0.0
453388,T,ED,40,1,1.0,0.0
453396,OF,12,40,4,4.0,0.0
453396,OF,13,40,1,1.0,0.0
453396,OF,14,40,2,2.0,0.0
453396,OF,19,40,2,2.0,0.0
453396,OF,1D,40,6,6.0,0.0
453396,OF,23,40,4,4.0,0.0
453396,OF,29,40,2,2.0,0.0
453396,OF,2C,40,1,1.0,0.0
453396,OF,2D,40,3,3.0,0.0
453396,OF,33,40,2,2.0,0.0
453396,OF,3G,40,1,1.0,0.0
453396,OF,3H,40,1,1.0,0.0
453396,OF,3K,40,1,1.0,0.0
453396,OF,41,40,1,1.0,0.0
453396,OF,42,40,1,1.0,0.0
453396,OF,43,40,8,8.0,0.0
453396,OF,4D,40,3,3.0,0.0
453396,OF,51,40,5,5.0,0.0
453396,OF,52,40,1,1.0,0.0
453396,OF,53,40,3,3.0,0.0
453396,OF,59,40,9,9.0,0.0
453396,OF,60,40,5,5.0,0.0
453396,OF,61,40,19,19.0,0.0
453396,OF,62,40,5,5.0,0.0
453396,OF,63,40,21,21.0,0.0
453396,OF,65,40,4,4.0,0.0
453396,OF,66,40,8,8.0,0.0
453396,OF,67,40,1,1.0,0.0
453396,OF,6A,40,50,0.0,50.0
453396,OF,6B,40,247,247.0,0.0
453396,OF,6C,40,191,191.0,0.0
453396,OF,6G,40,1,1.0,0.0
453396,OF,6H,40,4,4.0,0.0
453396,OF,6K,40,321,321.0,0.0
453396,OF,70,40,3,3.0,0.0
453396,OF,71,40,3,3.0,0.0
453396,OF,72,40,3,3.0,0.0
453396,OF,73,40,3,3.0,0.0
453396,OF,74,40,1,1.0,0.0
453396,OF,75,40,3,3.0,0.0
453396,OF,76,40,41,41.0,0.0
453396,OF,7B,40,1,1.0,0.0
453396,OF,7D,40,1,1.0,0.0
453396,OF,7J,40,321,321.0,0.0
453396,OF,80,40,1,1.0,0.0
453396,OF,81,40,14,14.0,0.0
453396,OF,82,40,5,5.0,0.0
453396,OF,83,40,4,4.0,0.0
453396,OF,84,40,1,1.0,0.0
453396,OF,85,40,7,7.0,0.0
453396,OF,86,40,2,2.0,0.0
453396,OF,87,40,3,3.0,0.0
453396,OF,88,40,4,4.0,0.0
453396,OF,89,40,10,10.0,0.0
453396,OF,8A,40,49,20.0,29.0
453396,OF,8B,40,17,17.0,0.0
453396,OF,8H,40,2,2.0,0.0
453396,OF,93,40,10,10.0,0.0
453396,OF,94,40,8,8.0,0.0
453396,OF,9B,40,293,293.0,0.0
453396,OF,9C,40,304,304.0,0.0
453396,OF,9D,40,19,19.0,0.0
453396,OF,AB,40,202,202.0,0.0
453396,OF,AC,40,71,71.0,0.0
453396,OF,AD,40,41,41.0,0.0
453396,OF,E1,40,4,4.0,0.0
453396,OF,E2,40,2,2.0,0.0
453396,OF,E4,40,39,39.0,0.0
453396,OF,E5,40,30,30.0,0.0
453396,OF,E6,40,18,18.0,0.0
453396,OF,E7,40,16,16.0,0.0
453396,OF,E8,40,3,3.0,0.0
453396,OF,E9,40,1,1.0,0.0
453396,OF,EA,40,44,44.0,0.0
453396,OF,EB,40,43,43.0,0.0
453396,OF,EC,40,54,54.0,0.0
453396,OF,ED,40,57,57.0,0.0
453396,OF,EE,40,2,2.0,0.0
453396,OZ,10,40,6,6.0,0.0
453396,OZ,11,40,7,7.0,0.0
453396,OZ,12,40,6,6.0,0.0
453396,OZ,13,40,1,1.0,0.0
453396,OZ,14,40,5,5.0,0.0
453396,OZ,16,40,1,1.0,0.0
453396,OZ,1K,40,5,5.0,0.0
453396,OZ,22,40,9,9.0,0.0
453396,OZ,23,40,3,3.0,0.0
453396,OZ,24,40,2,2.0,0.0
453396,OZ,2K,40,5,5.0,0.0
453396,OZ,31,40,5,5.0,0.0
453396,OZ,32,40,1,1.0,0.0
453396,OZ,33,40,4,4.0,0.0
453396,OZ,38,40,2,2.0,0.0
453396,OZ,40,40,1,1.0,0.0
453396,OZ,41,40,2,2.0,0.0
453396,OZ,42,40,10,10.0,0.0
453396,OZ,43,40,3,3.0,0.0
453396,OZ,44,40,2,2.0,0.0
453396,OZ,47,40,3,3.0,0.0
453396,OZ,48,40,2,2.0,0.0
453396,OZ,51,40,7,7.0,0.0
453396,OZ,52,40,11,11.0,0.0
453396,OZ,53,40,6,6.0,0.0
453396,OZ,55,40,1,1.0,0.0
453396,OZ,60,40,7,7.0,0.0
453396,OZ,61,40,9,9.0,0.0
453396,OZ,62,40,4,4.0,0.0
453396,OZ,63,40,2,2.0,0.0
453396,OZ,65,40,9,9.0,0.0
453396,OZ,66,40,8,8.0,0.0
453396,OZ,67,40,1,1.0,0.0
453396,OZ,6B,40,2,2.0,0.0
453396,OZ,70,40,4,4.0,0.0
453396,OZ,71,40,7,7.0,0.0
453396,OZ,72,40,10,10.0,0.0
453396,OZ,74,40,2,2.0,0.0
453396,OZ,75,40,2,2.0,0.0
453396,OZ,76,40,10,10.0,0.0
453396,OZ,78,40,3,3.0,0.0
453396,OZ,80,40,7,7.0,0.0
453396,OZ,81,40,5,5.0,0.0
453396,OZ,82,40,14,14.0,0.0
453396,OZ,83,40,14,14.0,0.0
453396,OZ,84,40,1,1.0,0.0
453396,OZ,85,40,3,3.0,0.0
453396,OZ,86,40,6,6.0,0.0
453396,OZ,87,40,1,1.0,0.0
453396,OZ,88,40,4,4.0,0.0
453396,OZ,93,40,10,10.0,0.0
453396,OZ,94,40,8,8.0,0.0
453396,OZ,9C,40,2,2.0,0.0
453396,OZ,AD,40,1,1.0,0.0
453396,OZ,E1,40,15,15.0,0.0
453396,OZ,E2,40,14,14.0,0.0
453396,OZ,E3,40,3,3.0,0.0
453396,OZ,E4,40,21,21.0,0.0
453396,OZ,E5,40,8,8.0,0.0
453396,OZ,E6,40,3,3.0,0.0
453396,OZ,E8,40,7,7.0,0.0
453396,OZ,E9,40,7,7.0,0.0
453396,OZ,EA,40,12,12.0,0.0
453396,OZ,EB,40,11,11.0,0.0
453396,OZ,EC,40,12,12.0,0.0
453396,T,11,40,6,6.0,0.0
453396,T,12,40,6,6.0,0.0
453396,T,13,40,8,8.0,0.0
453396,T,14,40,29,29.0,0.0
453396,T,15,40,34,34.0,0.0
453396,T,16,40,16,16.0,0.0
453396,T,17,40,10,10.0,0.0
453396,T,22,40,1,1.0,0.0
453396,T,23,40,5,5.0,0.0
453396,T,24,40,18,18.0,0.0
453396,T,26,40,28,28.0,0.0
453396,T,27,40,1,1.0,0.0
453396,T,2K,40,3,3.0,0.0
453396,T,32,40,3,3.0,0.0
453396,T,33,40,6,6.0,0.0
453396,T,37,40,1,1.0,0.0
453396,T,3B,40,22,22.0,0.0
453396,T,3G,40,26,26.0,0.0
453396,T,3H,40,13,13.0,0.0
453396,T,3J,40,15,15.0,0.0
453396,T,3K,40,12,12.0,0.0
453396,T,41,40,2,2.0,0.0
453396,T,42,40,12,12.0,0.0
453396,T,43,40,15,15.0,0.0
453396,T,44,40,2,2.0,0.0
453396,T,45,40,12,12.0,0.0
453396,T,46,40,44,44.0,0.0
453396,T,47,40,6,6.0,0.0
453396,T,51,40,4,4.0,0.0
453396,T,52,40,3,3.0,0.0
453396,T,53,40,16,16.0,0.0
453396,T,55,40,3,3.0,0.0
453396,T,57,40,1,1.0,0.0
453396,T,61,40,3,3.0,0.0
453396,T,62,40,5,1.0,4.0
453396,T,63,40,2,2.0,0.0
453396,T,66,40,6,6.0,0.0
453396,T,6C,40,18,18.0,0.0
453396,T,70,40,4,4.0,0.0
453396,T,71,40,10,10.0,0.0
453396,T,72,40,13,0.0,13.0
453396,T,73,40,4,4.0,0.0
453396,T,76,40,2,2.0,0.0
453396,T,78,40,2,2.0,0.0
453396,T,7J,40,8,8.0,0.0
453396,T,80,40,2,2.0,0.0
453396,T,81,40,1,1.0,0.0
453396,T,82,40,3,3.0,0.0
453396,T,83,40,11,11.0,0.0
453396,T,84,40,1,1.0,0.0
453396,T,86,40,1,1.0,0.0
453396,T,8G,40,1,1.0,0.0
453396,T,8H,40,17,17.0,0.0
453396,T,93,40,49,49.0,0.0
453396,T,94,40,1,1.0,0.0
453396,T,9B,40,3,3.0,0.0
453396,T,9D,40,5,5.0,0.0
453396,T,AD,40,4,4.0,0.0
453396,T,E1,40,33,33.0,0.0
453396,T,E2,40,6,6.0,0.0
453396,T,E3,40,2,2.0,0.0
453396,T,E4,40,12,12.0,0.0
453396,T,E5,40,11,11.0,0.0
453396,T,E6,40,25,25.0,0.0
453396,T,E7,40,35,35.0,0.0
453396,T,E8,40,46,46.0,0.0
453396,T,E9,40,13,13.0,0.0
453396,T,EA,40,21,21.0,0.0
453396,T,EB,40,9,9.0,0.0
453396,T,EC,40,18,18.0,0.0
453396,T,ED,40,44,44.0,0.0
453396,T,EE,40,2,2.0,0.0
453412,OF,11,40,2,2.0,0.0
453412,OF,12,40,3,3.0,0.0
453412,OF,17,40,3,3.0,0.0
453412,OF,23,40,1,1.0,0.0
453412,OF,24,40,1,1.0,0.0
453412,OF,31,40,1,1.0,0.0
453412,OF,3G,40,7,7.0,0.0
453412,OF,3H,40,3,3.0,0.0
453412,OF,3K,40,2,2.0,0.0
453412,OF,40,40,1,1.0,0.0
453412,OF,41,40,1,1.0,0.0
453412,OF,49,40,139,6.0,133.0
453412,OF,4B,40,5,5.0,0.0
453412,OF,4C,40,30,30.0,0.0
453412,OF,4E,40,288,288.0,0.0
453412,OF,53,40,1,1.0,0.0
453412,OF,5E,40,222,222.0,0.0
453412,OF,5F,40,237,237.0,0.0
453412,OF,60,40,1,1.0,0.0
453412,OF,63,40,1,1.0,0.0
453412,OF,65,40,3,3.0,0.0
453412,OF,6B,40,67,2.0,65.0
453412,OF,6H,40,4,4.0,0.0
453412,OF,6K,40,3,3.0,0.0
453412,OF,70,40,1,1.0,0.0
453412,OF,71,40,1,1.0,0.0
453412,OF,72,40,1,1.0,0.0
453412,OF,73,40,1,1.0,0.0
453412,OF,74,40,2,2.0,0.0
453412,OF,75,40,1,1.0,0.0
453412,OF,78,40,1,1.0,0.0
453412,OF,7A,40,305,305.0,0.0
453412,OF,81,40,5,5.0,0.0
453412,OF,84,40,1,1.0,0.0
453412,OF,85,40,2,2.0,0.0
453412,OF,87,40,1,1.0,0.0
453412,OF,88,40,4,4.0,0.0
453412,OF,8B,40,257,257.0,0.0
453412,OF,8H,40,6,6.0,0.0
453412,OF,E1,40,2,2.0,0.0
453412,OF,E2,40,5,5.0,0.0
453412,OF,E4,40,42,42.0,0.0
453412,OF,E5,40,2,2.0,0.0
453412,OF,E6,40,18,18.0,0.0
453412,OF,E7,40,19,19.0,0.0
453412,OF,E8,40,2,2.0,0.0
453412,OF,E9,40,5,5.0,0.0
453412,OF,EA,40,23,23.0,0.0
453412,OF,EB,40,7,7.0,0.0
453412,OF,EC,40,34,34.0,0.0
453412,OF,ED,40,73,73.0,0.0
453412,OF,EE,40,77,77.0,0.0
453412,OZ,10,40,2,2.0,0.0
453412,OZ,11,40,2,2.0,0.0
453412,OZ,12,40,3,3.0,0.0
453412,OZ,13,40,4,4.0,0.0
453412,OZ,14,40,2,2.0,0.0
453412,OZ,15,40,1,1.0,0.0
453412,OZ,21,40,1,1.0,0.0
453412,OZ,22,40,1,1.0,0.0
453412,OZ,23,40,2,2.0,0.0
453412,OZ,24,40,4,4.0,0.0
453412,OZ,30,40,2,2.0,0.0
453412,OZ,31,40,2,2.0,0.0
453412,OZ,32,40,3,3.0,0.0
453412,OZ,33,40,2,2.0,0.0
453412,OZ,38,40,2,2.0,0.0
453412,OZ,3G,40,1,1.0,0.0
453412,OZ,40,40,5,5.0,0.0
453412,OZ,41,40,3,3.0,0.0
453412,OZ,42,40,1,1.0,0.0
453412,OZ,43,40,1,1.0,0.0
453412,OZ,45,40,2,2.0,0.0
453412,OZ,48,40,1,1.0,0.0
453412,OZ,51,40,2,2.0,0.0
453412,OZ,52,40,9,9.0,0.0
453412,OZ,53,40,2,2.0,0.0
453412,OZ,54,40,1,1.0,0.0
453412,OZ,60,40,17,17.0,0.0
453412,OZ,61,40,12,12.0,0.0
453412,OZ,62,40,5,5.0,0.0
453412,OZ,63,40,3,3.0,0.0
453412,OZ,65,40,2,2.0,0.0
453412,OZ,66,40,6,6.0,0.0
453412,OZ,70,40,4,4.0,0.0
453412,OZ,71,40,2,2.0,0.0
453412,OZ,72,40,14,14.0,0.0
453412,OZ,73,40,4,4.0,0.0
453412,OZ,75,40,1,1.0,0.0
453412,OZ,76,40,2,2.0,0.0
453412,OZ,78,40,7,7.0,0.0
453412,OZ,80,40,5,5.0,0.0
453412,OZ,81,40,1,1.0,0.0
453412,OZ,82,40,3,3.0,0.0
453412,OZ,83,40,8,8.0,0.0
453412,OZ,84,40,3,3.0,0.0
453412,OZ,85,40,7,7.0,0.0
453412,OZ,86,40,3,3.0,0.0
453412,OZ,87,40,1,1.0,0.0
453412,OZ,93,40,4,4.0,0.0
453412,OZ,E1,40,16,16.0,0.0
453412,OZ,E2,40,4,4.0,0.0
453412,OZ,E3,40,1,1.0,0.0
453412,OZ,E4,40,7,7.0,0.0
453412,OZ,E5,40,1,1.0,0.0
453412,OZ,E6,40,1,1.0,0.0
453412,OZ,E8,40,7,7.0,0.0
453412,OZ,E9,40,3,3.0,0.0
453412,OZ,EA,40,5,5.0,0.0
453412,OZ,EB,40,3,3.0,0.0
453412,OZ,EC,40,4,4.0,0.0
453412,T,11,40,9,9.0,0.0
453412,T,12,40,2,2.0,0.0
453412,T,13,40,4,4.0,0.0
453412,T,14,40,20,20.0,0.0
453412,T,15,40,6,6.0,0.0
453412,T,16,40,51,51.0,0.0
453412,T,17,40,33,33.0,0.0
453412,T,22,40,2,2.0,0.0
453412,T,23,40,2,2.0,0.0
453412,T,24,40,22,22.0,0.0
453412,T,26,40,29,29.0,0.0
453412,T,27,40,36,36.0,0.0
453412,T,2K,40,1,1.0,0.0
453412,T,30,40,1,1.0,0.0
453412,T,32,40,5,5.0,0.0
453412,T,33,40,2,2.0,0.0
453412,T,37,40,15,15.0,0.0
453412,T,3G,40,3,3.0,0.0
453412,T,3H,40,1,1.0,0.0
453412,T,42,40,5,5.0,0.0
453412,T,43,40,8,8.0,0.0
453412,T,44,40,2,2.0,0.0
453412,T,45,40,14,14.0,0.0
453412,T,46,40,54,54.0,0.0
453412,T,47,40,7,7.0,0.0
453412,T,49,40,21,21.0,0.0
453412,T,51,40,4,4.0,0.0
453412,T,52,40,11,11.0,0.0
453412,T,53,40,1,1.0,0.0
453412,T,54,40,1,1.0,0.0
453412,T,5E,40,1,1.0,0.0
453412,T,60,40,1,1.0,0.0
453412,T,62,40,8,7.0,1.0
453412,T,63,40,1,1.0,0.0
453412,T,6H,40,1,1.0,0.0
453412,T,70,40,2,2.0,0.0
453412,T,71,40,1,1.0,0.0
453412,T,74,40,1,1.0,0.0
453412,T,76,40,3,3.0,0.0
453412,T,77,40,2,2.0,0.0
453412,T,83,40,1,1.0,0.0
453412,T,85,40,1,1.0,0.0
453412,T,86,40,2,2.0,0.0
453412,T,8A,40,1,1.0,0.0
453412,T,AC,40,1,1.0,0.0
453412,T,AD,40,2,2.0,0.0
453412,T,E1,40,35,35.0,0.0
453412,T,E2,40,21,21.0,0.0
453412,T,E3,40,4,4.0,0.0
453412,T,E4,40,26,26.0,0.0
453412,T,E5,40,20,20.0,0.0
453412,T,E6,40,11,11.0,0.0
453412,T,E7,40,8,8.0,0.0
453412,T,E8,40,44,44.0,0.0
453412,T,E9,40,31,31.0,0.0
453412,T,EA,40,24,24.0,0.0
453412,T,EB,40,22,22.0,0.0
453412,T,EC,40,21,21.0,0.0
453412,T,ED,40,30,30.0,0.0
453416,OF,1A,40,188,165.0,23.0
453416,OF,2A,40,193,59.0,134.0
453416,OF,2B,40,67,66.0,1.0
453416,OF,2C,40,120,120.0,0.0
453416,OF,38,40,193,189.0,4.0
453416,OF,4A,40,173,5.0,168.0
453416,OF,4D,40,193,193.0,0.0
453416,OF,59,40,87,0.0,87.0
453416,OF,5A,40,193,0.0,193.0
453416,OF,5D,40,137,137.0,0.0
453416,OF,63,40,2,2.0,0.0
453416,OF,64,40,1,1.0,0.0
453416,OF,65,40,6,6.0,0.0
453416,OF,66,40,2,2.0,0.0
453416,OF,67,40,1,1.0,0.0
453416,OF,68,40,1,1.0,0.0
453416,OF,6H,40,1,1.0,0.0
453416,OF,70,40,2,2.0,0.0
453416,OF,71,40,7,7.0,0.0
453416,OF,72,40,4,4.0,0.0
453416,OF,74,40,2,2.0,0.0
453416,OF,76,40,3,3.0,0.0
453416,OF,80,40,1,1.0,0.0
453416,OF,81,40,1,1.0,0.0
453416,OF,84,40,5,5.0,0.0
453416,OF,86,40,2,2.0,0.0
453416,OF,88,40,2,2.0,0.0
453416,OF,94,40,1,1.0,0.0
453416,OF,E6,40,15,15.0,0.0
453416,OF,E7,40,17,17.0,0.0
453416,OF,E8,40,6,6.0,0.0
453416,OF,E9,40,2,2.0,0.0
453416,OF,EA,40,32,32.0,0.0
453416,OF,EB,40,5,5.0,0.0
453416,OF,EC,40,2,2.0,0.0
453416,OF,ED,40,31,31.0,0.0
453416,OF,EE,40,42,42.0,0.0
453416,OZ,10,40,3,3.0,0.0
453416,OZ,11,40,9,9.0,0.0
453416,OZ,12,40,6,6.0,0.0
453416,OZ,13,40,7,7.0,0.0
453416,OZ,14,40,3,3.0,0.0
453416,OZ,16,40,2,2.0,0.0
453416,OZ,21,40,1,1.0,0.0
453416,OZ,22,40,10,10.0,0.0
453416,OZ,23,40,2,2.0,0.0
453416,OZ,24,40,3,3.0,0.0
453416,OZ,2K,40,7,7.0,0.0
453416,OZ,30,40,1,1.0,0.0
453416,OZ,31,40,7,7.0,0.0
453416,OZ,32,40,2,2.0,0.0
453416,OZ,33,40,4,4.0,0.0
453416,OZ,37,40,1,1.0,0.0
453416,OZ,41,40,6,6.0,0.0
453416,OZ,42,40,4,4.0,0.0
453416,OZ,43,40,14,14.0,0.0
453416,OZ,44,40,2,2.0,0.0
453416,OZ,48,40,3,3.0,0.0
453416,OZ,52,40,1,1.0,0.0
453416,OZ,53,40,4,4.0,0.0
453416,OZ,54,40,1,1.0,0.0
453416,OZ,55,40,1,1.0,0.0
453416,OZ,60,40,20,20.0,0.0
453416,OZ,61,40,10,10.0,0.0
453416,OZ,62,40,8,8.0,0.0
453416,OZ,63,40,17,17.0,0.0
453416,OZ,64,40,2,2.0,0.0
453416,OZ,65,40,5,5.0,0.0
453416,OZ,66,40,13,13.0,0.0
453416,OZ,67,40,5,5.0,0.0
453416,OZ,68,40,1,1.0,0.0
453416,OZ,70,40,4,4.0,0.0
453416,OZ,72,40,8,8.0,0.0
453416,OZ,75,40,5,5.0,0.0
453416,OZ,76,40,3,3.0,0.0
453416,OZ,78,40,6,6.0,0.0
453416,OZ,81,40,6,6.0,0.0
453416,OZ,82,40,4,4.0,0.0
453416,OZ,83,40,1,1.0,0.0
453416,OZ,84,40,1,1.0,0.0
453416,OZ,85,40,2,2.0,0.0
453416,OZ,86,40,2,2.0,0.0
453416,OZ,87,40,1,1.0,0.0
453416,OZ,88,40,2,2.0,0.0
453416,OZ,93,40,1,1.0,0.0
453416,OZ,94,40,2,2.0,0.0
453416,OZ,AC,40,1,1.0,0.0
453416,OZ,AD,40,1,1.0,0.0
453416,OZ,E1,40,21,21.0,0.0
453416,OZ,E2,40,19,19.0,0.0
453416,OZ,E3,40,1,1.0,0.0
453416,OZ,E4,40,18,18.0,0.0
453416,OZ,E5,40,19,19.0,0.0
453416,OZ,E8,40,22,22.0,0.0
453416,OZ,E9,40,29,29.0,0.0
453416,OZ,EA,40,27,27.0,0.0
453416,OZ,EB,40,25,25.0,0.0
453416,OZ,EC,40,22,22.0,0.0
453416,T,11,40,2,2.0,0.0
453416,T,12,40,7,7.0,0.0
453416,T,13,40,10,10.0,0.0
453416,T,14,40,8,8.0,0.0
453416,T,15,40,1,1.0,0.0
453416,T,16,40,8,8.0,0.0
453416,T,17,40,16,16.0,0.0
453416,T,21,40,1,1.0,0.0
453416,T,22,40,5,0.0,5.0
453416,T,23,40,2,2.0,0.0
453416,T,24,40,3,3.0,0.0
453416,T,26,40,12,12.0,0.0
453416,T,27,40,2,2.0,0.0
453416,T,32,40,1,1.0,0.0
453416,T,33,40,1,1.0,0.0
453416,T,37,40,6,6.0,0.0
453416,T,3G,40,1,1.0,0.0
453416,T,3H,40,3,3.0,0.0
453416,T,3J,40,1,1.0,0.0
453416,T,3K,40,2,2.0,0.0
453416,T,40,40,1,1.0,0.0
453416,T,42,40,1,1.0,0.0
453416,T,43,40,7,7.0,0.0
453416,T,45,40,1,1.0,0.0
453416,T,46,40,2,2.0,0.0
453416,T,52,40,1,1.0,0.0
453416,T,53,40,6,6.0,0.0
453416,T,60,40,1,1.0,0.0
453416,T,61,40,2,2.0,0.0
453416,T,62,40,1,1.0,0.0
453416,T,63,40,5,5.0,0.0
453416,T,65,40,2,2.0,0.0
453416,T,70,40,2,2.0,0.0
453416,T,72,40,4,4.0,0.0
453416,T,73,40,1,1.0,0.0
453416,T,74,40,1,1.0,0.0
453416,T,76,40,4,4.0,0.0
453416,T,78,40,1,1.0,0.0
453416,T,81,40,2,2.0,0.0
453416,T,82,40,2,2.0,0.0
453416,T,83,40,3,3.0,0.0
453416,T,84,40,1,1.0,0.0
453416,T,86,40,5,5.0,0.0
453416,T,8G,40,3,3.0,0.0
453416,T,8H,40,2,2.0,0.0
453416,T,AC,40,1,1.0,0.0
453416,T,E1,40,2,2.0,0.0
453416,T,E2,40,5,5.0,0.0
453416,T,E4,40,1,1.0,0.0
453416,T,E5,40,7,7.0,0.0
453416,T,E6,40,2,2.0,0.0
453416,T,E7,40,2,2.0,0.0
453416,T,E8,40,14,14.0,0.0
453416,T,E9,40,3,3.0,0.0
453416,T,EA,40,5,5.0,0.0
453416,T,EB,40,6,6.0,0.0
453416,T,EC,40,8,8.0,0.0
454549,OF,11,40,2,2.0,0.0
454549,OF,13,40,1,1.0,0.0
454549,OF,1A,40,76,0.0,76.0
454549,OF,1C,40,2,2.0,0.0
454549,OF,1D,40,114,114.0,0.0
454549,OF,22,40,3,3.0,0.0
454549,OF,23,40,4,4.0,0.0
454549,OF,24,40,1,1.0,0.0
454549,OF,2C,40,1,1.0,0.0
454549,OF,2D,40,245,245.0,0.0
454549,OF,30,40,2,2.0,0.0
454549,OF,31,40,7,7.0,0.0
454549,OF,32,40,2,2.0,0.0
454549,OF,3A,40,243,193.0,50.0
454549,OF,3G,40,2,2.0,0.0
454549,OF,40,40,1,1.0,0.0
454549,OF,41,40,2,2.0,0.0
454549,OF,43,40,2,2.0,0.0
454549,OF,49,40,49,0.0,49.0
454549,OF,52,40,2,2.0,0.0
454549,OF,53,40,3,3.0,0.0
454549,OF,54,40,2,2.0,0.0
454549,OF,55,40,3,3.0,0.0
454549,OF,60,40,9,9.0,0.0
454549,OF,61,40,11,11.0,0.0
454549,OF,62,40,10,10.0,0.0
454549,OF,63,40,19,19.0,0.0
454549,OF,64,40,3,3.0,0.0
454549,OF,65,40,9,9.0,0.0
454549,OF,66,40,4,4.0,0.0
454549,OF,67,40,2,2.0,0.0
454549,OF,68,40,5,5.0,0.0
454549,OF,69,40,52,0.0,52.0
454549,OF,6H,40,1,1.0,0.0
454549,OF,70,40,6,6.0,0.0
454549,OF,71,40,4,4.0,0.0
454549,OF,72,40,5,5.0,0.0
454549,OF,73,40,6,6.0,0.0
454549,OF,74,40,3,3.0,0.0
454549,OF,75,40,2,2.0,0.0
454549,OF,76,40,4,4.0,0.0
454549,OF,77,40,2,2.0,0.0
454549,OF,78,40,4,4.0,0.0
454549,OF,80,40,13,13.0,0.0
454549,OF,81,40,11,11.0,0.0
454549,OF,82,40,1,1.0,0.0
454549,OF,83,40,4,4.0,0.0
454549,OF,85,40,2,2.0,0.0
454549,OF,86,40,4,4.0,0.0
454549,OF,87,40,2,2.0,0.0
454549,OF,88,40,3,3.0,0.0
454549,OF,93,40,2,2.0,0.0
454549,OF,94,40,2,2.0,0.0
454549,OF,AB,40,2,2.0,0.0
454549,OF,AC,40,2,2.0,0.0
454549,OF,E1,40,2,2.0,0.0
454549,OF,E2,40,1,1.0,0.0
454549,OF,E3,40,2,2.0,0.0
454549,OF,E4,40,10,10.0,0.0
454549,OF,E5,40,12,12.0,0.0
454549,OF,E6,40,5,5.0,0.0
454549,OF,E8,40,35,35.0,0.0
454549,OF,E9,40,9,9.0,0.0
454549,OF,EA,40,4,4.0,0.0
454549,OF,EB,40,5,5.0,0.0
454549,OF,EC,40,19,19.0,0.0
454549,OF,ED,40,44,44.0,0.0
454549,OF,EE,40,67,67.0,0.0
454549,OZ,10,40,22,4.0,18.0
454549,OZ,11,40,60,2.0,58.0
454549,OZ,12,40,3,3.0,0.0
454549,OZ,13,40,1,1.0,0.0
454549,OZ,14,40,1,1.0,0.0
454549,OZ,30,40,17,17.0,0.0
454549,OZ,31,40,2,2.0,0.0
454549,OZ,32,40,6,6.0,0.0
454549,OZ,33,40,5,5.0,0.0
454549,OZ,40,40,14,14.0,0.0
454549,OZ,41,40,5,5.0,0.0
454549,OZ,43,40,1,1.0,0.0
454549,OZ,45,40,4,4.0,0.0
454549,OZ,47,40,1,1.0,0.0
454549,OZ,51,40,2,2.0,0.0
454549,OZ,52,40,8,8.0,0.0
454549,OZ,53,40,7,7.0,0.0
454549,OZ,54,40,2,2.0,0.0
454549,OZ,55,40,2,2.0,0.0
454549,OZ,58,40,1,1.0,0.0
454549,OZ,60,40,8,8.0,0.0
454549,OZ,61,40,3,3.0,0.0
454549,OZ,62,40,6,6.0,0.0
454549,OZ,63,40,7,7.0,0.0
454549,OZ,65,40,1,1.0,0.0
454549,OZ,66,40,2,2.0,0.0
454549,OZ,70,40,4,4.0,0.0
454549,OZ,71,40,2,2.0,0.0
454549,OZ,72,40,5,5.0,0.0
454549,OZ,73,40,2,2.0,0.0
454549,OZ,76,40,2,2.0,0.0
454549,OZ,78,40,3,3.0,0.0
454549,OZ,80,40,9,9.0,0.0
454549,OZ,81,40,5,5.0,0.0
454549,OZ,82,40,2,2.0,0.0
454549,OZ,84,40,1,1.0,0.0
454549,OZ,86,40,3,3.0,0.0
454549,OZ,93,40,2,2.0,0.0
454549,OZ,94,40,3,3.0,0.0
454549,OZ,9D,40,52,52.0,0.0
454549,OZ,AC,40,9,9.0,0.0
454549,OZ,AD,40,31,31.0,0.0
454549,OZ,E1,40,1,1.0,0.0
454549,OZ,E2,40,22,4.0,18.0
454549,OZ,E3,40,3,3.0,0.0
454549,OZ,E4,40,2,2.0,0.0
454549,OZ,E5,40,2,2.0,0.0
454549,OZ,E8,40,4,4.0,0.0
454549,OZ,E9,40,7,6.0,1.0
454549,OZ,EA,40,1,1.0,0.0
454549,OZ,EC,40,7,7.0,0.0
454585,OF,10,40,1,1.0,0.0
454585,OF,14,40,2,2.0,0.0
454585,OF,23,40,3,3.0,0.0
454585,OF,30,40,1,1.0,0.0
454585,OF,40,40,1,1.0,0.0
454585,OF,42,40,1,1.0,0.0
454585,OF,52,40,1,1.0,0.0
454585,OF,54,40,1,1.0,0.0
454585,OF,59,40,6,1.0,5.0
454585,OF,5A,40,188,0.0,188.0
454585,OF,66,40,1,1.0,0.0
454585,OF,69,40,187,146.0,41.0
454585,OF,73,40,3,3.0,0.0
454585,OF,7A,40,77,7.0,70.0
454585,OF,81,40,1,1.0,0.0
454585,OF,82,40,1,1.0,0.0
454585,OF,8A,40,188,185.0,3.0
454585,OF,8B,40,33,1.0,32.0
454585,OF,E1,40,1,1.0,0.0
454585,OF,E2,40,3,3.0,0.0
454585,OF,E8,40,2,2.0,0.0
454585,OF,E9,40,1,1.0,0.0
454585,OF,EA,40,1,1.0,0.0
454585,OF,ED,40,1,1.0,0.0
454585,OZ,10,40,6,4.0,2.0
454585,OZ,11,40,9,9.0,0.0
454585,OZ,12,40,20,20.0,0.0
454585,OZ,13,40,10,10.0,0.0
454585,OZ,14,40,3,3.0,0.0
454585,OZ,15,40,4,4.0,0.0
454585,OZ,16,40,5,5.0,0.0
454585,OZ,17,40,5,5.0,0.0
454585,OZ,1K,40,41,41.0,0.0
454585,OZ,21,40,1,1.0,0.0
454585,OZ,22,40,3,3.0,0.0
454585,OZ,26,40,9,9.0,0.0
454585,OZ,2K,40,13,13.0,0.0
454585,OZ,32,40,2,2.0,0.0
454585,OZ,33,40,3,3.0,0.0
454585,OZ,40,40,1,1.0,0.0
454585,OZ,41,40,4,4.0,0.0
454585,OZ,42,40,10,10.0,0.0
454585,OZ,43,40,27,27.0,0.0
454585,OZ,44,40,1,1.0,0.0
454585,OZ,46,40,7,7.0,0.0
454585,OZ,47,40,2,2.0,0.0
454585,OZ,48,40,2,2.0,0.0
454585,OZ,51,40,11,11.0,0.0
454585,OZ,52,40,15,15.0,0.0
454585,OZ,53,40,1,1.0,0.0
454585,OZ,54,40,2,2.0,0.0
454585,OZ,55,40,7,7.0,0.0
454585,OZ,60,40,1,1.0,0.0
454585,OZ,61,40,6,6.0,0.0
454585,OZ,62,40,5,5.0,0.0
454585,OZ,63,40,4,4.0,0.0
454585,OZ,65,40,1,1.0,0.0
454585,OZ,66,40,8,8.0,0.0
454585,OZ,70,40,2,2.0,0.0
454585,OZ,72,40,5,5.0,0.0
454585,OZ,73,40,6,6.0,0.0
454585,OZ,75,40,6,6.0,0.0
454585,OZ,76,40,4,4.0,0.0
454585,OZ,78,40,4,4.0,0.0
454585,OZ,80,40,1,1.0,0.0
454585,OZ,81,40,2,2.0,0.0
454585,OZ,82,40,12,12.0,0.0
454585,OZ,83,40,4,4.0,0.0
454585,OZ,84,40,6,6.0,0.0
454585,OZ,85,40,1,1.0,0.0
454585,OZ,86,40,4,4.0,0.0
454585,OZ,88,40,2,2.0,0.0
454585,OZ,93,40,2,2.0,0.0
454585,OZ,94,40,4,4.0,0.0
454585,OZ,9D,40,7,7.0,0.0
454585,OZ,AC,40,39,39.0,0.0
454585,OZ,E1,40,12,12.0,0.0
454585,OZ,E2,40,6,6.0,0.0
454585,OZ,E3,40,2,2.0,0.0
454585,OZ,E4,40,7,7.0,0.0
454585,OZ,E5,40,12,12.0,0.0
454585,OZ,E6,40,1,1.0,0.0
454585,OZ,E8,40,4,4.0,0.0
454585,OZ,E9,40,3,3.0,0.0
454585,OZ,EA,40,2,2.0,0.0
454585,OZ,EC,40,1,1.0,0.0
454710,OF,10,40,1,1.0,0.0
454710,OF,41,40,1,1.0,0.0
454710,OF,43,40,2,2.0,0.0
454710,OF,71,40,1,1.0,0.0
454710,OF,73,40,2,2.0,0.0
454710,OF,82,40,5,5.0,0.0
454710,OF,8A,40,46,1.0,45.0
454710,OF,8B,40,47,1.0,46.0
454710,OZ,10,40,2,2.0,0.0
454710,OZ,21,40,2,2.0,0.0
454710,OZ,33,40,1,1.0,0.0
454710,OZ,41,40,1,1.0,0.0
454710,OZ,51,40,1,1.0,0.0
454710,OZ,61,40,1,1.0,0.0
454710,OZ,62,40,1,1.0,0.0
454710,OZ,65,40,1,1.0,0.0
454710,OZ,76,40,2,2.0,0.0
454710,OZ,78,40,1,1.0,0.0
454710,OZ,82,40,1,1.0,0.0
454710,OZ,86,40,1,1.0,0.0
454710,OZ,94,40,2,2.0,0.0
454710,OZ,E2,40,4,4.0,0.0
453273,IF,7B,40,253,0.0,253.0
453273,IF,E1,40,289,0.0,289.0
453273,IF,E3,40,601,0.0,601.0
453273,IF,E9,40,753,0.0,753.0
453273,IZ,68,40,143,0.0,143.0
453273,T,22,40,41,0.0,41.0
453273,T,43,40,32,0.0,32.0
453273,T,44,40,130,0.0,130.0
453273,T,54,40,134,0.0,134.0
453273,T,62,40,19,0.0,19.0
453273,T,65,40,160,0.0,160.0
453273,T,72,40,13,0.0,13.0
453273,T,73,40,15,0.0,15.0
453273,T,74,40,122,0.0,122.0
453273,T,85,40,215,0.0,215.0
453307,IF,79,40,232,0.0,232.0
453307,IF,7G,40,282,0.0,282.0
453307,IF,7H,40,252,0.0,252.0
453307,IF,8G,40,244,0.0,244.0
453307,IF,8H,40,243,0.0,243.0
453307,IF,E2,40,198,0.0,198.0
453307,IF,E8,40,787,0.0,787.0
453307,IF,EA,40,326,0.0,326.0
453307,IZ,68,40,17,0.0,17.0
453307,T,22,40,41,0.0,41.0
453307,T,53,40,81,0.0,81.0
453307,T,62,40,19,0.0,19.0
453307,T,64,40,151,0.0,151.0
453307,T,72,40,13,0.0,13.0
453307,T,73,40,15,0.0,15.0
453307,T,75,40,210,0.0,210.0
454548,T,13,40,19,0.0,19.0
454548,T,15,40,225,0.0,225.0
454548,T,22,40,41,0.0,41.0
454548,T,24,40,191,0.0,191.0
454548,T,32,40,31,0.0,31.0
454548,T,33,40,28,0.0,28.0
454548,T,42,40,28,0.0,28.0
454548,T,52,40,22,0.0,22.0
454548,T,55,40,158,0.0,158.0
454548,T,62,40,19,0.0,19.0
454548,T,72,40,13,0.0,13.0
454548,T,73,40,15,0.0,15.0
454548,T,83,40,235,0.0,235.0
