VOY_ID,VOY_IEFG,SCD_RCVSTDT,SCD_RCVEDDT,VBT_BTH_PBTHNO,VBT_BTH_ABTHNO,VBT_PBTHDT,VBT_PDPTDT,VBT_ABTHDT,VBT_ADPTDT
452547,I,00:00.0,00:00.0,2,2,30:00.0,30:00.0,20:00.0,50:00.0
452548,E,00:00.0,00:00.0,2,2,30:00.0,30:00.0,20:00.0,50:00.0
451557,I,00:00.0,00:00.0,2,2,00:00.0,30:00.0,59:00.0,30:00.0
451558,E,00:00.0,00:00.0,2,2,00:00.0,30:00.0,59:00.0,30:00.0
451630,E,00:00.0,30:00.0,4,4,00:00.0,30:00.0,40:00.0,00:00.0
451629,I,00:00.0,30:00.0,4,4,00:00.0,30:00.0,40:00.0,00:00.0
451611,I,00:00.0,00:00.0,3,3,30:00.0,00:00.0,10:00.0,25:00.0
451612,E,00:00.0,00:00.0,3,3,30:00.0,00:00.0,10:00.0,25:00.0
452550,E,00:00.0,30:00.0,1,1,30:00.0,30:00.0,10:00.0,30:00.0
452549,I,00:00.0,30:00.0,1,1,30:00.0,30:00.0,10:00.0,30:00.0
451644,E,00:00.0,30:00.0,4,4,00:00.0,00:00.0,00:00.0,00:00.0
451643,I,00:00.0,30:00.0,4,4,00:00.0,00:00.0,00:00.0,00:00.0
451502,E,00:00.0,00:00.0,6,6,00:00.0,30:00.0,40:00.0,55:00.0
451501,I,00:00.0,00:00.0,6,6,00:00.0,30:00.0,40:00.0,55:00.0
452623,E,00:00.0,00:00.0,3,3,30:00.0,30:00.0,00:00.0,30:00.0
452622,I,00:00.0,00:00.0,3,3,30:00.0,30:00.0,00:00.0,30:00.0
451565,I,40:00.0,30:00.0,6,6,00:00.0,00:00.0,30:00.0,00:00.0
451566,E,40:00.0,30:00.0,6,6,00:00.0,00:00.0,30:00.0,00:00.0
451551,I,00:00.0,00:00.0,3,3,00:00.0,00:00.0,00:00.0,00:00.0
451552,E,00:00.0,00:00.0,3,3,00:00.0,00:00.0,00:00.0,00:00.0
452790,E,00:00.0,30:00.0,3,3,00:00.0,30:00.0,50:00.0,30:00.0
452789,I,00:00.0,30:00.0,3,3,00:00.0,30:00.0,50:00.0,30:00.0
451536,E,00:00.0,30:00.0,4,4,30:00.0,30:00.0,45:00.0,30:00.0
451535,I,00:00.0,30:00.0,4,4,30:00.0,30:00.0,45:00.0,30:00.0
452742,I,00:00.0,30:00.0,2,2,00:00.0,30:00.0,05:00.0,30:00.0
452743,E,00:00.0,30:00.0,2,2,00:00.0,30:00.0,05:00.0,30:00.0
452735,I,00:00.0,00:00.0,3,3,00:00.0,30:00.0,40:00.0,30:00.0
452736,E,00:00.0,00:00.0,3,3,00:00.0,30:00.0,40:00.0,30:00.0
451579,I,00:00.0,00:00.0,2,2,00:00.0,00:00.0,45:00.0,00:00.0
451580,E,00:00.0,00:00.0,2,2,00:00.0,00:00.0,45:00.0,00:00.0
452739,I,00:00.0,00:00.0,2,2,30:00.0,30:00.0,30:00.0,30:00.0
452740,E,00:00.0,00:00.0,2,2,30:00.0,30:00.0,30:00.0,30:00.0
451621,I,00:00.0,30:00.0,6,6,30:00.0,00:00.0,00:00.0,20:00.0
451622,E,00:00.0,30:00.0,6,6,30:00.0,00:00.0,00:00.0,20:00.0
452733,I,45:00.0,30:00.0,4,4,00:00.0,00:00.0,50:00.0,00:00.0
452734,E,45:00.0,30:00.0,4,4,00:00.0,00:00.0,50:00.0,00:00.0
451591,I,00:00.0,30:00.0,2,2,00:00.0,30:00.0,50:00.0,45:00.0
451592,E,00:00.0,30:00.0,2,2,00:00.0,30:00.0,50:00.0,45:00.0
452817,I,00:00.0,30:00.0,4,4,30:00.0,00:00.0,00:00.0,10:00.0
452818,E,00:00.0,30:00.0,4,4,30:00.0,00:00.0,00:00.0,10:00.0
451588,E,00:00.0,30:00.0,2,2,00:00.0,30:00.0,55:00.0,30:00.0
451587,I,00:00.0,30:00.0,2,2,00:00.0,30:00.0,55:00.0,30:00.0
451635,I,30:00.0,30:00.0,6,6,30:00.0,30:00.0,15:00.0,30:00.0
451636,E,30:00.0,30:00.0,6,6,30:00.0,30:00.0,15:00.0,30:00.0
451493,I,00:00.0,30:00.0,4,4,30:00.0,00:00.0,40:00.0,20:00.0
451494,E,00:00.0,30:00.0,4,4,30:00.0,00:00.0,40:00.0,20:00.0
451561,I,00:00.0,00:00.0,4,4,00:00.0,00:00.0,45:00.0,00:00.0
451562,E,00:00.0,00:00.0,4,4,00:00.0,00:00.0,45:00.0,00:00.0
451651,I,00:00.0,30:00.0,4,4,30:00.0,30:00.0,25:00.0,55:00.0
451652,E,00:00.0,30:00.0,4,4,30:00.0,30:00.0,25:00.0,55:00.0
451469,I,00:00.0,30:00.0,3,3,00:00.0,00:00.0,50:00.0,00:00.0
451470,E,00:00.0,30:00.0,3,3,00:00.0,00:00.0,50:00.0,00:00.0
451478,E,00:00.0,00:00.0,3,3,00:00.0,00:00.0,20:00.0,00:00.0
451477,I,00:00.0,00:00.0,3,3,00:00.0,00:00.0,20:00.0,00:00.0
452926,E,00:00.0,30:00.0,3,3,30:00.0,30:00.0,15:00.0,30:00.0
452925,I,00:00.0,30:00.0,3,3,30:00.0,30:00.0,15:00.0,30:00.0
453072,E,00:00.0,00:00.0,6,6,30:00.0,00:00.0,00:00.0,00:00.0
453071,I,00:00.0,00:00.0,6,6,30:00.0,00:00.0,00:00.0,00:00.0
452855,E,00:00.0,30:00.0,2,2,00:00.0,30:00.0,50:00.0,30:00.0
452854,I,00:00.0,30:00.0,2,2,00:00.0,30:00.0,50:00.0,30:00.0
451647,I,00:00.0,00:00.0,4,4,00:00.0,30:00.0,35:00.0,30:00.0
451648,E,00:00.0,00:00.0,4,4,00:00.0,30:00.0,35:00.0,30:00.0
451627,I,00:00.0,30:00.0,6,6,00:00.0,00:00.0,30:00.0,00:00.0
451628,E,00:00.0,30:00.0,6,6,00:00.0,00:00.0,30:00.0,00:00.0
451497,I,30:00.0,00:00.0,3,3,30:00.0,00:00.0,00:00.0,00:00.0
451498,E,30:00.0,00:00.0,3,3,30:00.0,00:00.0,00:00.0,00:00.0
451560,E,00:00.0,30:00.0,3,3,30:00.0,00:00.0,15:00.0,10:00.0
451559,I,00:00.0,30:00.0,3,3,30:00.0,00:00.0,15:00.0,10:00.0
452880,E,00:00.0,00:00.0,2,2,30:00.0,00:00.0,00:00.0,10:00.0
452879,I,00:00.0,00:00.0,2,2,30:00.0,00:00.0,00:00.0,10:00.0
451569,I,00:00.0,00:00.0,6,6,30:00.0,00:00.0,20:00.0,00:00.0
451570,E,00:00.0,00:00.0,6,6,30:00.0,00:00.0,20:00.0,00:00.0
451538,E,00:00.0,00:00.0,2,2,30:00.0,30:00.0,30:00.0,30:00.0
451537,I,00:00.0,00:00.0,2,2,30:00.0,30:00.0,30:00.0,30:00.0
453076,E,00:00.0,30:00.0,4,4,30:00.0,30:00.0,00:00.0,30:00.0
453075,I,00:00.0,30:00.0,4,4,30:00.0,30:00.0,00:00.0,30:00.0
451844,I,40:00.0,00:00.0,4,4,00:00.0,00:00.0,55:00.0,20:00.0
451845,E,40:00.0,00:00.0,4,4,00:00.0,00:00.0,55:00.0,20:00.0
451573,I,00:00.0,00:00.0,3,3,00:00.0,30:00.0,40:00.0,55:00.0
451574,E,00:00.0,00:00.0,3,3,00:00.0,30:00.0,40:00.0,55:00.0
451541,I,00:00.0,00:00.0,6,6,30:00.0,30:00.0,00:00.0,30:00.0
451542,E,00:00.0,00:00.0,6,6,30:00.0,30:00.0,00:00.0,30:00.0
453237,I,30:00.0,00:00.0,4,4,30:00.0,30:00.0,30:00.0,30:00.0
453238,E,30:00.0,00:00.0,4,4,30:00.0,30:00.0,30:00.0,30:00.0
453123,I,00:00.0,30:00.0,2,2,00:00.0,30:00.0,30:00.0,30:00.0
453124,E,00:00.0,30:00.0,2,2,00:00.0,30:00.0,30:00.0,30:00.0
453479,I,00:00.0,30:00.0,3,3,00:00.0,30:00.0,00:00.0,30:00.0
453480,E,00:00.0,30:00.0,3,3,00:00.0,30:00.0,00:00.0,30:00.0
453239,I,00:00.0,30:00.0,3,3,00:00.0,00:00.0,45:00.0,00:00.0
453240,E,00:00.0,30:00.0,3,3,00:00.0,00:00.0,45:00.0,00:00.0
453246,E,00:00.0,00:00.0,6,6,59:00.0,00:00.0,30:00.0,00:00.0
453245,I,00:00.0,00:00.0,6,6,59:00.0,00:00.0,30:00.0,00:00.0
453552,I,00:00.0,30:00.0,2,2,00:00.0,00:00.0,15:00.0,00:00.0
453553,E,00:00.0,30:00.0,2,2,00:00.0,00:00.0,15:00.0,00:00.0
451619,I,00:00.0,30:00.0,4,4,00:00.0,30:00.0,05:00.0,30:00.0
451620,E,00:00.0,30:00.0,4,4,00:00.0,30:00.0,05:00.0,30:00.0
453341,I,00:00.0,30:00.0,2,2,00:00.0,30:00.0,00:00.0,30:00.0
453342,E,00:00.0,30:00.0,2,2,00:00.0,30:00.0,00:00.0,30:00.0
451707,I,00:00.0,00:00.0,1,1,30:00.0,30:00.0,25:00.0,30:00.0
451708,E,00:00.0,00:00.0,1,1,30:00.0,30:00.0,25:00.0,30:00.0
453428,E,00:00.0,30:00.0,6,6,30:00.0,30:00.0,00:00.0,30:00.0
453427,I,00:00.0,30:00.0,6,6,30:00.0,30:00.0,00:00.0,30:00.0
453228,E,00:00.0,30:00.0,3,3,30:00.0,30:00.0,15:00.0,30:00.0
453227,I,00:00.0,30:00.0,3,3,30:00.0,30:00.0,15:00.0,30:00.0
453276,E,00:00.0,30:00.0,4,4,00:00.0,30:00.0,45:00.0,30:00.0
453275,I,00:00.0,30:00.0,4,4,00:00.0,30:00.0,45:00.0,30:00.0
451709,I,00:00.0,00:00.0,1,1,00:00.0,00:00.0,50:00.0,00:00.0
451710,E,00:00.0,00:00.0,1,1,00:00.0,00:00.0,50:00.0,00:00.0
453437,I,00:00.0,00:00.0,6,6,00:00.0,30:00.0,10:00.0,30:00.0
453438,E,00:00.0,00:00.0,6,6,00:00.0,30:00.0,10:00.0,30:00.0
453349,I,00:00.0,00:00.0,2,2,00:00.0,00:00.0,20:00.0,00:00.0
453350,E,00:00.0,00:00.0,2,2,00:00.0,00:00.0,20:00.0,00:00.0
453542,I,00:00.0,30:00.0,6,6,00:00.0,30:00.0,30:00.0,30:00.0
453543,E,00:00.0,30:00.0,6,6,00:00.0,30:00.0,30:00.0,30:00.0
453787,I,00:00.0,00:00.0,6,6,00:00.0,00:00.0,20:00.0,00:00.0
453788,E,00:00.0,00:00.0,6,6,00:00.0,00:00.0,20:00.0,00:00.0
453447,I,00:00.0,30:00.0,4,4,00:00.0,00:00.0,50:00.0,10:00.0
453448,E,00:00.0,30:00.0,4,4,00:00.0,00:00.0,50:00.0,10:00.0
453255,I,00:00.0,30:00.0,3,3,00:00.0,30:00.0,10:00.0,55:00.0
453256,E,00:00.0,30:00.0,3,3,00:00.0,30:00.0,10:00.0,55:00.0
453393,I,00:00.0,30:00.0,4,4,30:00.0,00:00.0,25:00.0,00:00.0
453394,E,00:00.0,30:00.0,4,4,30:00.0,00:00.0,25:00.0,00:00.0
453290,E,00:00.0,00:00.0,3,3,30:00.0,00:00.0,00:00.0,00:00.0
453289,I,00:00.0,00:00.0,3,3,30:00.0,00:00.0,00:00.0,00:00.0
453316,E,00:00.0,00:00.0,6,6,30:00.0,00:00.0,20:00.0,00:00.0
453315,I,00:00.0,00:00.0,6,6,30:00.0,00:00.0,20:00.0,00:00.0
453361,I,00:00.0,30:00.0,4,4,30:00.0,00:00.0,50:00.0,20:00.0
453362,E,00:00.0,30:00.0,4,4,30:00.0,00:00.0,50:00.0,20:00.0
453335,I,00:00.0,30:00.0,2,2,30:00.0,00:00.0,30:00.0,00:00.0
453336,E,00:00.0,30:00.0,2,2,30:00.0,00:00.0,30:00.0,00:00.0
453310,E,00:00.0,00:00.0,3,3,30:00.0,30:00.0,30:00.0,30:00.0
453309,I,00:00.0,00:00.0,3,3,30:00.0,30:00.0,30:00.0,30:00.0
453369,I,00:00.0,30:00.0,2,2,00:00.0,00:00.0,30:00.0,25:00.0
453370,E,00:00.0,30:00.0,2,2,00:00.0,00:00.0,30:00.0,25:00.0
453451,I,00:00.0,00:00.0,6,6,30:00.0,30:00.0,05:00.0,50:00.0
453452,E,00:00.0,00:00.0,6,6,30:00.0,30:00.0,05:00.0,50:00.0
453419,I,00:00.0,00:00.0,2,1,00:00.0,00:00.0,20:00.0,00:00.0
453420,E,00:00.0,00:00.0,2,1,00:00.0,00:00.0,20:00.0,00:00.0
453549,E,00:00.0,00:00.0,2,2,30:00.0,30:00.0,10:00.0,30:00.0
453548,I,00:00.0,00:00.0,2,2,30:00.0,30:00.0,10:00.0,30:00.0
453344,E,00:00.0,00:00.0,3,3,00:00.0,30:00.0,50:00.0,30:00.0
453343,I,00:00.0,00:00.0,3,3,00:00.0,30:00.0,50:00.0,30:00.0
451653,I,00:00.0,00:00.0,6,6,30:00.0,30:00.0,40:00.0,50:00.0
451654,E,00:00.0,00:00.0,6,6,30:00.0,30:00.0,40:00.0,50:00.0
453896,I,00:00.0,30:00.0,6,6,00:00.0,00:00.0,35:00.0,00:00.0
453897,E,00:00.0,30:00.0,6,6,00:00.0,00:00.0,35:00.0,00:00.0
453389,I,30:00.0,00:00.0,3,3,00:00.0,30:00.0,45:00.0,30:00.0
453390,E,30:00.0,00:00.0,3,3,00:00.0,30:00.0,45:00.0,30:00.0
453325,I,00:00.0,30:00.0,2,1,30:00.0,30:00.0,15:00.0,30:00.0
453326,E,00:00.0,30:00.0,2,1,30:00.0,30:00.0,15:00.0,30:00.0
453376,E,00:00.0,00:00.0,3,3,00:00.0,30:00.0,45:00.0,30:00.0
453375,I,00:00.0,00:00.0,3,3,00:00.0,30:00.0,45:00.0,30:00.0
453407,I,00:00.0,00:00.0,4,4,30:00.0,00:00.0,30:00.0,00:00.0
453408,E,00:00.0,00:00.0,4,4,30:00.0,00:00.0,30:00.0,00:00.0
453886,I,00:00.0,00:00.0,4,4,30:00.0,00:00.0,50:00.0,00:00.0
453887,E,00:00.0,00:00.0,4,4,30:00.0,00:00.0,50:00.0,00:00.0
454063,I,00:00.0,30:00.0,1,1,30:00.0,30:00.0,45:00.0,30:00.0
454064,E,00:00.0,30:00.0,1,1,30:00.0,30:00.0,45:00.0,30:00.0
453433,I,00:00.0,30:00.0,3,3,00:00.0,00:00.0,55:00.0,00:00.0
453434,E,00:00.0,30:00.0,3,3,00:00.0,00:00.0,55:00.0,00:00.0
453441,I,00:00.0,30:00.0,6,6,00:00.0,00:00.0,35:00.0,00:00.0
453442,E,00:00.0,30:00.0,6,6,00:00.0,00:00.0,35:00.0,00:00.0
453285,I,00:00.0,00:00.0,1,1,00:00.0,00:00.0,20:00.0,00:00.0
453286,E,00:00.0,00:00.0,1,1,00:00.0,00:00.0,20:00.0,00:00.0
453540,I,00:00.0,00:00.0,4,4,30:00.0,00:00.0,25:00.0,00:00.0
453541,E,00:00.0,00:00.0,4,4,30:00.0,00:00.0,25:00.0,00:00.0
453253,I,00:00.0,00:00.0,6,6,30:00.0,30:00.0,50:00.0,30:00.0
453254,E,00:00.0,00:00.0,6,6,30:00.0,30:00.0,50:00.0,30:00.0
453329,I,00:00.0,30:00.0,6,6,00:00.0,30:00.0,00:00.0,30:00.0
453330,E,00:00.0,30:00.0,6,6,00:00.0,30:00.0,00:00.0,30:00.0
453347,I,00:00.0,30:00.0,1,,00:00.0,00:00.0,,
453348,E,00:00.0,30:00.0,1,,00:00.0,00:00.0,,
453319,I,00:00.0,00:00.0,3,3,30:00.0,00:00.0,00:00.0,00:00.0
453320,E,00:00.0,00:00.0,3,3,30:00.0,00:00.0,00:00.0,00:00.0
453327,I,00:00.0,00:00.0,2,2,30:00.0,00:00.0,15:00.0,
453328,E,00:00.0,00:00.0,2,2,30:00.0,00:00.0,15:00.0,
453334,E,00:00.0,00:00.0,3,3,30:00.0,30:00.0,50:00.0,
453333,I,00:00.0,00:00.0,3,3,30:00.0,30:00.0,50:00.0,
453399,I,30:00.0,00:00.0,6,6,00:00.0,00:00.0,00:00.0,
453400,E,30:00.0,00:00.0,6,6,00:00.0,00:00.0,00:00.0,
453436,E,00:00.0,00:00.0,4,4,30:00.0,00:00.0,20:00.0,00:00.0
453435,I,00:00.0,00:00.0,4,4,30:00.0,00:00.0,20:00.0,00:00.0
453297,I,00:00.0,00:00.0,4,,00:00.0,30:00.0,,
453298,E,00:00.0,00:00.0,4,,00:00.0,30:00.0,,
453357,I,00:00.0,30:00.0,4,4,30:00.0,30:00.0,50:00.0,
453358,E,00:00.0,30:00.0,4,4,30:00.0,30:00.0,50:00.0,
453305,I,00:00.0,00:00.0,6,,30:00.0,00:00.0,,
453306,E,00:00.0,00:00.0,6,,30:00.0,00:00.0,,
453403,I,00:00.0,00:00.0,4,,00:00.0,00:00.0,,
453404,E,00:00.0,00:00.0,4,,00:00.0,00:00.0,,
453417,I,00:00.0,00:00.0,2,,30:00.0,30:00.0,,
453418,E,00:00.0,00:00.0,2,,30:00.0,30:00.0,,
453378,E,00:00.0,00:00.0,1,,00:00.0,00:00.0,,
453377,I,00:00.0,00:00.0,1,,00:00.0,00:00.0,,
453354,E,00:00.0,30:00.0,6,,30:00.0,30:00.0,,
453353,I,00:00.0,30:00.0,6,,30:00.0,30:00.0,,
453429,I,00:00.0,30:00.0,6,,30:00.0,00:00.0,,
453430,E,00:00.0,30:00.0,6,,30:00.0,00:00.0,,
453414,E,00:00.0,30:00.0,4,,30:00.0,00:00.0,,
453413,I,00:00.0,30:00.0,4,,30:00.0,00:00.0,,
453248,E,00:00.0,00:00.0,3,,00:00.0,30:00.0,,
453247,I,00:00.0,00:00.0,3,,00:00.0,30:00.0,,
453391,I,00:00.0,30:00.0,3,,30:00.0,30:00.0,,
453392,E,00:00.0,30:00.0,3,,30:00.0,30:00.0,,
453368,E,00:00.0,00:00.0,3,,30:00.0,00:00.0,,
453367,I,00:00.0,00:00.0,3,,30:00.0,00:00.0,,
453287,I,00:00.0,30:00.0,2,,30:00.0,30:00.0,,
453288,E,00:00.0,30:00.0,2,,30:00.0,30:00.0,,
453545,E,00:00.0,00:00.0,6,,00:00.0,30:00.0,,
453544,I,00:00.0,00:00.0,6,,00:00.0,30:00.0,,
453262,E,00:00.0,30:00.0,3,,00:00.0,30:00.0,,
453261,I,00:00.0,30:00.0,3,,00:00.0,30:00.0,,
453445,I,00:00.0,00:00.0,4,,30:00.0,30:00.0,,
453446,E,00:00.0,00:00.0,4,,30:00.0,30:00.0,,
