area_no,work_type,has_position,voy_id,planned_qty
10,OZ,1,453308,2
10,OZ,1,453324,7
10,OZ,1,453352,1
10,OZ,1,453356,2
10,OZ,1,453388,2
10,OZ,1,453396,7
10,OZ,1,453412,5
10,OZ,1,453416,6
10,OZ,1,454447,1
10,OZ,1,454585,9
11,OZ,1,453308,10
11,OZ,1,453324,7
11,OZ,1,453356,2
11,OZ,1,453388,12
11,OZ,1,453396,15
11,OZ,1,453412,14
11,OZ,1,453416,17
11,OZ,1,454447,2
11,OZ,1,454585,10
12,OZ,1,453308,7
12,OZ,1,453324,5
12,OZ,1,453356,6
12,OZ,1,453388,5
12,OZ,1,453396,26
12,OZ,1,453412,15
12,OZ,1,453416,15
12,OZ,1,454447,2
12,OZ,1,454585,20
13,T,1,453308,3
13,T,1,453324,6
13,T,1,453388,9
13,T,1,453396,20
13,T,1,453412,21
13,T,1,453416,18
13,T,1,454447,1
13,T,1,454548,298
13,T,1,454585,14
14,T,1,453308,5
14,T,1,453324,5
14,T,1,453356,5
14,T,1,453388,5
14,T,1,453396,47
14,T,1,453412,29
14,T,1,453416,23
14,T,1,454447,2
14,T,1,454585,5
15,T,1,453273,225
15,T,1,453308,1
15,T,1,453324,2
15,T,1,453356,1
15,T,1,453396,46
15,T,1,453412,8
15,T,1,453416,4
15,T,1,454447,1
15,T,1,454585,6
16,T,1,453308,5
16,T,1,453324,2
16,T,1,453356,1
16,T,1,453388,2
16,T,1,453396,18
16,T,1,453412,54
16,T,1,453416,11
16,T,1,454585,5
17,T,1,453308,5
17,T,1,453324,3
17,T,1,453356,1
17,T,1,453396,11
17,T,1,453412,37
17,T,1,453416,16
17,T,1,454585,5
19,OF,1,453324,272
19,OF,1,453356,115
19,OF,1,453396,20
1A,OF,1,453324,50
1A,OF,1,453356,1
1A,OF,1,453416,215
1B,OF,1,453356,190
1C,OF,1,453324,74
1C,OF,1,453396,5
1D,OF,1,453324,1
1D,OF,1,453356,116
1D,OF,1,453396,9
1K,OF,1,453396,5
1K,OF,1,454585,41
21,OZ,1,453308,2
21,OZ,1,453324,8
21,OZ,1,453352,8
21,OZ,1,453412,3
21,OZ,1,453416,8
21,OZ,1,454585,1
22,T,1,453273,41
22,T,1,453307,41
22,T,1,453308,9
22,T,1,453324,7
22,T,1,453352,4
22,T,1,453356,5
22,T,1,453388,2
22,T,1,453396,15
22,T,1,453412,11
22,T,1,453416,16
22,T,1,454447,2
22,T,1,454548,41
22,T,1,454585,7
23,T,1,453308,5
23,T,1,453324,5
23,T,1,453352,21
23,T,1,453356,5
23,T,1,453388,1
23,T,1,453396,12
23,T,1,453412,6
23,T,1,453416,4
23,T,1,454585,3
24,T,1,453324,11
24,T,1,453356,1
24,T,1,453388,1
24,T,1,453396,25
24,T,1,453412,34
24,T,1,453416,16
24,T,1,454447,1
24,T,1,454548,192
26,T,1,453308,8
26,T,1,453396,30
26,T,1,453412,36
26,T,1,453416,12
26,T,1,454585,9
27,T,1,453308,6
27,T,1,453324,2
27,T,1,453356,4
27,T,1,453396,2
27,T,1,453412,39
27,T,1,453416,2
28,OF,1,453324,290
28,OF,1,453356,57
28,OF,1,453416,104
28,OF,1,454585,124
29,OF,1,453308,1
29,OF,1,453324,3
29,OF,1,453356,148
29,OF,1,453396,4
29,OF,1,454585,248
2A,OF,1,453356,135
2A,OF,1,453416,298
2B,OF,1,453324,129
2B,OF,1,453356,2
2B,OF,1,453388,2
2B,OF,1,453416,162
2C,OF,1,453308,76
2C,OF,1,453324,26
2C,OF,1,453396,3
2C,OF,1,453416,155
2D,OF,1,453396,3
2K,OF,1,453324,40
2K,OF,1,453396,8
2K,OF,1,453412,1
2K,OF,1,453416,7
2K,OF,1,454447,29
2K,OF,1,454585,13
30,OZ,1,453308,8
30,OZ,1,453324,18
30,OZ,1,453352,2
30,OZ,1,453356,1
30,OZ,1,453388,1
30,OZ,1,453396,2
30,OZ,1,453412,12
30,OZ,1,453416,1
30,OZ,1,454447,2
30,OZ,1,454585,1
31,OZ,1,453308,8
31,OZ,1,453324,4
31,OZ,1,453356,3
31,OZ,1,453388,3
31,OZ,1,453396,5
31,OZ,1,453412,9
31,OZ,1,453416,7
31,OZ,1,454447,6
32,T,1,453308,9
32,T,1,453324,2
32,T,1,453356,2
32,T,1,453388,1
32,T,1,453396,16
32,T,1,453412,20
32,T,1,453416,8
32,T,1,454447,1
32,T,1,454548,471
32,T,1,454585,2
33,T,1,453308,7
33,T,1,453324,10
33,T,1,453352,2
33,T,1,453388,2
33,T,1,453396,24
33,T,1,453412,13
33,T,1,453416,8
33,T,1,454447,2
33,T,1,454548,420
33,T,1,454585,3
37,T,1,453388,1
37,T,1,453396,1
37,T,1,453412,15
37,T,1,453416,7
38,OF,1,453308,1
38,OF,1,453324,20
38,OF,1,453356,52
38,OF,1,453396,2
38,OF,1,453412,2
38,OF,1,453416,298
39,OF,1,453324,348
39,OF,1,453356,30
3A,OF,1,453308,12
3A,OF,1,453356,27
3A,OF,1,453396,26
3B,OF,1,453308,15
3B,OF,1,453324,1
3B,OF,1,453396,22
3D,OF,1,453356,1
3G,OF,0,453308,7
3G,OF,0,453324,3
3G,OF,0,453352,1
3G,OF,0,453356,3
3G,OF,0,453388,7
3G,OF,0,453396,30
3G,OF,0,453412,13
3G,OF,0,453416,1
3H,OF,0,453308,1
3H,OF,0,453324,2
3H,OF,0,453352,3
3H,OF,0,453356,1
3H,OF,0,453388,14
3H,OF,0,453396,14
3H,OF,0,453412,4
3H,OF,0,453416,3
3H,OF,0,454585,1
3J,OF,0,453324,3
3J,OF,0,453352,12
3J,OF,0,453388,17
3J,OF,0,453396,15
3J,OF,0,453416,1
3K,OF,0,453308,2
3K,OF,0,453324,2
3K,OF,0,453352,6
3K,OF,0,453356,2
3K,OF,0,453388,26
3K,OF,0,453396,13
3K,OF,0,453412,4
3K,OF,0,453416,2
40,OZ,1,453308,1
40,OZ,1,453324,3
40,OZ,1,453396,1
40,OZ,1,453412,6
40,OZ,1,453416,1
40,OZ,1,454585,2
41,OZ,1,453308,8
41,OZ,1,453324,7
41,OZ,1,453356,5
41,OZ,1,453388,4
41,OZ,1,453396,6
41,OZ,1,453412,9
41,OZ,1,453416,11
41,OZ,1,454585,7
42,T,1,453308,6
42,T,1,453324,5
42,T,1,453356,9
42,T,1,453388,2
42,T,1,453396,31
42,T,1,453412,10
42,T,1,453416,6
42,T,1,454447,5
42,T,1,454548,359
42,T,1,454585,14
43,T,1,453308,12
43,T,1,453324,8
43,T,1,453356,1
43,T,1,453396,31
43,T,1,453412,11
43,T,1,453416,21
43,T,1,454447,2
43,T,1,454548,188
43,T,1,454585,27
44,T,1,453307,140
44,T,1,453324,3
44,T,1,453352,13
44,T,1,453356,1
44,T,1,453396,4
44,T,1,453412,3
44,T,1,453416,2
44,T,1,454585,1
45,T,1,453308,1
45,T,1,453324,26
45,T,1,453352,11
45,T,1,453356,5
45,T,1,453388,4
45,T,1,453396,15
45,T,1,453412,19
45,T,1,453416,3
45,T,1,454585,1
46,T,1,453308,2
46,T,1,453324,3
46,T,1,453356,1
46,T,1,453396,57
46,T,1,453412,59
46,T,1,453416,5
46,T,1,454585,8
47,T,1,453308,4
47,T,1,453324,11
47,T,1,453356,12
47,T,1,453388,1
47,T,1,453396,10
47,T,1,453412,18
47,T,1,453416,2
47,T,1,454585,2
48,IZ,1,453308,2
48,IZ,1,453324,2
48,IZ,1,453396,4
48,IZ,1,453412,2
48,IZ,1,453416,4
48,IZ,1,454585,2
49,OF,1,453308,3
49,OF,1,453324,3
49,OF,1,453356,1
49,OF,1,453388,133
49,OF,1,453412,246
4A,OF,1,453388,183
4A,OF,1,453416,214
4B,OF,1,453388,9
4B,OF,1,453412,11
4B,OF,1,454447,1
4C,OF,1,453412,34
4C,OF,1,454447,30
4D,OF,1,453396,3
4D,OF,1,453416,278
4D,OF,1,454447,1
4E,OF,1,453412,436
4J,OF,1,453308,1
51,OZ,1,453308,5
51,OZ,1,453324,6
51,OZ,1,453352,2
51,OZ,1,453356,8
51,OZ,1,453396,33
51,OZ,1,453412,15
51,OZ,1,453416,4
51,OZ,1,454585,12
52,T,1,453308,15
52,T,1,453324,17
52,T,1,453356,8
52,T,1,453388,2
52,T,1,453396,19
52,T,1,453412,20
52,T,1,453416,2
52,T,1,454447,2
52,T,1,454548,301
52,T,1,454585,16
53,T,1,453307,251
53,T,1,453308,14
53,T,1,453324,4
53,T,1,453356,2
53,T,1,453388,3
53,T,1,453396,30
53,T,1,453412,10
53,T,1,453416,24
53,T,1,454585,3
54,T,1,453273,135
54,T,1,453308,1
54,T,1,453324,3
54,T,1,453352,9
54,T,1,453356,7
54,T,1,453388,3
54,T,1,453396,2
54,T,1,453412,5
54,T,1,453416,1
54,T,1,454585,4
55,T,1,453273,219
55,T,1,453308,1
55,T,1,453324,14
55,T,1,453356,10
55,T,1,453388,1
55,T,1,453396,6
55,T,1,453412,2
55,T,1,453416,4
55,T,1,454447,1
55,T,1,454585,9
57,T,1,453352,3
57,T,1,453388,1
57,T,1,453396,1
57,T,1,453416,1
58,IZ,1,453324,1
58,IZ,1,453356,4
59,OF,1,453308,328
59,OF,1,453396,14
59,OF,1,454585,218
5A,OF,1,453352,29
5A,OF,1,453416,195
5C,OF,1,453308,368
5C,OF,1,453396,10
5D,OF,1,453324,1
5D,OF,1,453416,178
5D,OF,1,454447,51
5E,OF,1,453412,301
5F,OF,1,453412,334
60,OZ,1,453308,3
60,OZ,1,453324,25
60,OZ,1,453352,2
60,OZ,1,453356,3
60,OZ,1,453396,13
60,OZ,1,453412,26
60,OZ,1,453416,29
60,OZ,1,454585,2
61,OZ,1,453308,17
61,OZ,1,453324,8
61,OZ,1,453352,4
61,OZ,1,453356,11
61,OZ,1,453388,8
61,OZ,1,453396,35
61,OZ,1,453412,14
61,OZ,1,453416,12
61,OZ,1,454585,10
62,T,1,453273,19
62,T,1,453307,19
62,T,1,453308,12
62,T,1,453324,12
62,T,1,453356,7
62,T,1,453388,10
62,T,1,453396,14
62,T,1,453412,19
62,T,1,453416,9
62,T,1,454447,5
62,T,1,454548,19
62,T,1,454585,5
63,T,1,453307,11
63,T,1,453308,11
63,T,1,453324,11
63,T,1,453356,8
63,T,1,453388,3
63,T,1,453396,29
63,T,1,453412,9
63,T,1,453416,26
63,T,1,454447,4
63,T,1,454585,5
64,T,1,453324,7
64,T,1,453352,13
64,T,1,453356,8
64,T,1,453396,4
64,T,1,453412,1
64,T,1,453416,3
64,T,1,454548,152
65,T,1,453308,6
65,T,1,453324,41
65,T,1,453356,14
65,T,1,453388,6
65,T,1,453396,15
65,T,1,453412,8
65,T,1,453416,14
65,T,1,454447,2
65,T,1,454585,1
66,T,1,453308,9
66,T,1,453324,12
66,T,1,453356,10
66,T,1,453388,9
66,T,1,453396,24
66,T,1,453412,16
66,T,1,453416,18
66,T,1,454447,3
66,T,1,454585,9
67,T,1,453308,1
67,T,1,453324,5
67,T,1,453356,3
67,T,1,453388,46
67,T,1,453396,2
67,T,1,453416,10
68,IZ,1,453273,351
68,IZ,1,453307,19
68,IZ,1,453356,10
68,IZ,1,453396,1
68,IZ,1,453416,2
68,IZ,1,454447,1
68,IZ,1,454585,2
69,OF,1,453308,104
69,OF,1,453356,1
69,OF,1,453388,184
69,OF,1,454585,313
6A,OF,1,453308,229
6A,OF,1,454447,24
6B,OF,1,453396,275
6B,OF,1,453412,5
6C,OF,1,453396,246
6D,OF,1,453308,5
6D,OF,1,454447,70
6G,OF,1,453308,1
6G,OF,1,453324,1
6G,OF,1,453396,1
6G,OF,1,454447,1
6H,OF,1,453308,7
6H,OF,1,453396,4
6H,OF,1,453412,5
6H,OF,1,453416,1
6K,OF,1,453308,8
6K,OF,1,453396,416
6K,OF,1,453412,3
70,OZ,1,453308,7
70,OZ,1,453324,8
70,OZ,1,453352,1
70,OZ,1,453356,2
70,OZ,1,453388,2
70,OZ,1,453396,19
70,OZ,1,453412,13
70,OZ,1,453416,11
70,OZ,1,454447,4
70,OZ,1,454585,2
71,OZ,1,453308,7
71,OZ,1,453324,15
71,OZ,1,453352,1
71,OZ,1,453356,5
71,OZ,1,453388,3
71,OZ,1,453396,25
71,OZ,1,453412,11
71,OZ,1,453416,9
71,OZ,1,454447,3
71,OZ,1,454585,1
72,T,1,453273,13
72,T,1,453307,13
72,T,1,453308,11
72,T,1,453324,10
72,T,1,453356,3
72,T,1,453388,5
72,T,1,453396,33
72,T,1,453412,16
72,T,1,453416,16
72,T,1,454447,4
72,T,1,454548,13
72,T,1,454585,5
73,T,1,453273,15
73,T,1,453307,15
73,T,1,453308,8
73,T,1,453324,23
73,T,1,453356,4
73,T,1,453396,11
73,T,1,453412,17
73,T,1,453416,2
73,T,1,454447,1
73,T,1,454548,15
73,T,1,454585,9
74,T,1,453273,123
74,T,1,453308,3
74,T,1,453324,6
74,T,1,453352,7
74,T,1,453356,9
74,T,1,453396,4
74,T,1,453412,3
74,T,1,453416,4
75,T,1,453307,211
75,T,1,453308,5
75,T,1,453324,15
75,T,1,453356,8
75,T,1,453388,11
75,T,1,453396,10
75,T,1,453412,2
75,T,1,453416,5
75,T,1,454447,4
75,T,1,454585,6
76,T,1,453308,19
76,T,1,453324,12
76,T,1,453356,1
76,T,1,453396,70
76,T,1,453412,11
76,T,1,453416,11
76,T,1,454447,2
76,T,1,454585,5
77,T,1,453308,4
77,T,1,453324,3
77,T,1,453356,2
77,T,1,453388,22
77,T,1,453396,2
77,T,1,453412,3
78,IZ,1,453308,9
78,IZ,1,453324,15
78,IZ,1,453356,4
78,IZ,1,453396,12
78,IZ,1,453412,8
78,IZ,1,453416,12
78,IZ,1,454447,1
78,IZ,1,454585,11
79,OF,1,453273,123
79,OF,1,453307,321
79,OF,1,453324,1
7A,OF,1,453308,1
7A,OF,1,453412,454
7A,OF,1,454585,79
7B,IF,1,453307,253
7B,IF,1,453396,1
7C,OF,1,453308,5
7C,OF,1,454447,67
7D,OF,1,453308,5
7D,OF,1,453396,1
7D,OF,1,454447,20
7G,IF,1,453307,282
7G,IF,1,454548,2
7H,IF,1,453307,252
7H,IF,1,453416,1
7J,OF,1,453396,403
80,OZ,1,453308,12
80,OZ,1,453324,11
80,OZ,1,453352,2
80,OZ,1,453388,2
80,OZ,1,453396,19
80,OZ,1,453412,10
80,OZ,1,453416,2
80,OZ,1,454447,2
80,OZ,1,454585,2
81,OZ,1,453308,10
81,OZ,1,453324,19
81,OZ,1,453352,1
81,OZ,1,453356,8
81,OZ,1,453388,2
81,OZ,1,453396,32
81,OZ,1,453412,25
81,OZ,1,453416,9
81,OZ,1,454447,1
81,OZ,1,454585,4
82,T,1,453308,12
82,T,1,453324,6
82,T,1,453356,3
82,T,1,453388,1
82,T,1,453396,22
82,T,1,453412,7
82,T,1,453416,6
82,T,1,454447,2
82,T,1,454585,13
83,T,1,453273,401
83,T,1,453308,4
83,T,1,453324,13
83,T,1,453352,1
83,T,1,453356,9
83,T,1,453388,3
83,T,1,453396,32
83,T,1,453412,14
83,T,1,453416,4
83,T,1,454447,1
83,T,1,454585,4
84,T,1,453308,1
84,T,1,453324,1
84,T,1,453356,4
84,T,1,453388,1
84,T,1,453396,6
84,T,1,453412,4
84,T,1,453416,7
84,T,1,454585,9
85,T,1,453308,2
85,T,1,453324,14
85,T,1,453356,1
85,T,1,453388,2
85,T,1,453396,10
85,T,1,453412,10
85,T,1,453416,2
85,T,1,454548,302
85,T,1,454585,1
86,T,1,453308,3
86,T,1,453324,7
86,T,1,453356,3
86,T,1,453396,15
86,T,1,453412,12
86,T,1,453416,14
86,T,1,454447,1
86,T,1,454585,8
87,T,1,453308,1
87,T,1,453324,3
87,T,1,453356,10
87,T,1,453396,6
87,T,1,453412,8
87,T,1,453416,1
88,T,1,453324,15
88,T,1,453356,46
88,T,1,453388,1
88,T,1,453396,9
88,T,1,453412,4
88,T,1,453416,4
88,T,1,454447,5
88,T,1,454585,2
89,OF,1,453308,305
89,OF,1,453324,2
89,OF,1,453388,178
89,OF,1,453396,12
8A,OF,1,453324,13
8A,OF,1,453356,4
8A,OF,1,453388,172
8A,OF,1,453396,59
8A,OF,1,453412,1
8A,OF,1,454585,238
8B,OF,1,453396,17
8B,OF,1,453412,354
8B,OF,1,454585,4
8G,IF,1,453307,244
8G,IF,1,453324,4
8G,IF,1,453356,12
8G,IF,1,453396,1
8G,IF,1,453416,3
8H,IF,1,453307,243
8H,IF,1,453324,4
8H,IF,1,453356,5
8H,IF,1,453396,19
8H,IF,1,453412,6
8H,IF,1,453416,2
8H,IF,1,454447,1
93,T,1,453308,1
93,T,1,453324,1
93,T,1,453356,1
93,T,1,453388,4
93,T,1,453396,74
93,T,1,453412,17
93,T,1,453416,1
93,T,1,454447,2
93,T,1,454585,2
94,T,1,453308,4
94,T,1,453324,4
94,T,1,453356,1
94,T,1,453396,22
94,T,1,453412,2
94,T,1,453416,5
94,T,1,454447,8
94,T,1,454585,6
9B,OF,1,453308,6
9B,OF,1,453396,407
9C,OF,1,453396,423
9D,OF,1,453308,5
9D,OF,1,453324,2
9D,OF,1,453388,4
9D,OF,1,453396,24
9D,OF,1,454585,8
AB,OF,1,453308,8
AB,OF,1,453396,248
AC,OF,1,453308,12
AC,OF,1,453324,28
AC,OF,1,453352,3
AC,OF,1,453356,7
AC,OF,1,453396,80
AC,OF,1,453412,1
AC,OF,1,453416,2
AC,OF,1,454585,39
AD,OF,1,453308,11
AD,OF,1,453324,2
AD,OF,1,453352,5
AD,OF,1,453356,1
AD,OF,1,453396,50
AD,OF,1,453412,2
AD,OF,1,453416,1
AD,OF,1,454447,3
E1,OF/OZ/IF/IZ/T,1,453273,289
E1,OF/OZ/IF/IZ/T,1,453308,22
E1,OF/OZ/IF/IZ/T,1,453324,6
E1,OF/OZ/IF/IZ/T,1,453356,3
E1,OF/OZ/IF/IZ/T,1,453388,6
E1,OF/OZ/IF/IZ/T,1,453396,52
E1,OF/OZ/IF/IZ/T,1,453412,69
E1,OF/OZ/IF/IZ/T,1,453416,23
E1,OF/OZ/IF/IZ/T,1,454447,10
E1,OF/OZ/IF/IZ/T,1,454585,13
E2,OF/OZ/IF/IZ/T,1,453273,215
E2,OF/OZ/IF/IZ/T,1,453308,27
E2,OF/OZ/IF/IZ/T,1,453324,60
E2,OF/OZ/IF/IZ/T,1,453356,14
E2,OF/OZ/IF/IZ/T,1,453388,20
E2,OF/OZ/IF/IZ/T,1,453396,23
E2,OF/OZ/IF/IZ/T,1,453412,35
E2,OF/OZ/IF/IZ/T,1,453416,25
E2,OF/OZ/IF/IZ/T,1,454447,9
E2,OF/OZ/IF/IZ/T,1,454585,9
E3,OF/OZ/IF/IZ/T,1,453273,639
E3,OF/OZ/IF/IZ/T,1,453308,1
E3,OF/OZ/IF/IZ/T,1,453324,2
E3,OF/OZ/IF/IZ/T,1,453356,3
E3,OF/OZ/IF/IZ/T,1,453396,6
E3,OF/OZ/IF/IZ/T,1,453412,6
E3,OF/OZ/IF/IZ/T,1,453416,1
E3,OF/OZ/IF/IZ/T,1,454585,2
E4,OF/OZ/IF/IZ/T,1,453308,15
E4,OF/OZ/IF/IZ/T,1,453324,87
E4,OF/OZ/IF/IZ/T,1,453356,29
E4,OF/OZ/IF/IZ/T,1,453388,26
E4,OF/OZ/IF/IZ/T,1,453396,75
E4,OF/OZ/IF/IZ/T,1,453412,98
E4,OF/OZ/IF/IZ/T,1,453416,20
E4,OF/OZ/IF/IZ/T,1,454447,6
E4,OF/OZ/IF/IZ/T,1,454585,8
E5,OF/OZ/IF/IZ/T,1,453308,29
E5,OF/OZ/IF/IZ/T,1,453324,72
E5,OF/OZ/IF/IZ/T,1,453356,31
E5,OF/OZ/IF/IZ/T,1,453388,40
E5,OF/OZ/IF/IZ/T,1,453396,49
E5,OF/OZ/IF/IZ/T,1,453412,36
E5,OF/OZ/IF/IZ/T,1,453416,29
E5,OF/OZ/IF/IZ/T,1,454447,2
E5,OF/OZ/IF/IZ/T,1,454585,12
E6,OF/OZ/IF/IZ/T,1,453308,29
E6,OF/OZ/IF/IZ/T,1,453324,19
E6,OF/OZ/IF/IZ/T,1,453356,6
E6,OF/OZ/IF/IZ/T,1,453396,46
E6,OF/OZ/IF/IZ/T,1,453412,31
E6,OF/OZ/IF/IZ/T,1,453416,17
E6,OF/OZ/IF/IZ/T,1,454447,14
E6,OF/OZ/IF/IZ/T,1,454585,1
E7,OF/OZ/IF/IZ/T,1,453308,57
E7,OF/OZ/IF/IZ/T,1,453324,14
E7,OF/OZ/IF/IZ/T,1,453356,15
E7,OF/OZ/IF/IZ/T,1,453396,51
E7,OF/OZ/IF/IZ/T,1,453412,29
E7,OF/OZ/IF/IZ/T,1,453416,19
E7,OF/OZ/IF/IZ/T,1,454447,12
E8,OF/OZ/IF/IZ/T,1,453307,787
E8,OF/OZ/IF/IZ/T,1,453308,18
E8,OF/OZ/IF/IZ/T,1,453324,4
E8,OF/OZ/IF/IZ/T,1,453356,4
E8,OF/OZ/IF/IZ/T,1,453388,2
E8,OF/OZ/IF/IZ/T,1,453396,56
E8,OF/OZ/IF/IZ/T,1,453412,70
E8,OF/OZ/IF/IZ/T,1,453416,42
E8,OF/OZ/IF/IZ/T,1,454447,16
E8,OF/OZ/IF/IZ/T,1,454585,6
E9,OF/OZ/IF/IZ/T,1,453273,753
E9,OF/OZ/IF/IZ/T,1,453308,46
E9,OF/OZ/IF/IZ/T,1,453324,74
E9,OF/OZ/IF/IZ/T,1,453356,17
E9,OF/OZ/IF/IZ/T,1,453388,31
E9,OF/OZ/IF/IZ/T,1,453396,21
E9,OF/OZ/IF/IZ/T,1,453412,61
E9,OF/OZ/IF/IZ/T,1,453416,36
E9,OF/OZ/IF/IZ/T,1,454447,6
E9,OF/OZ/IF/IZ/T,1,454585,6
EA,OF/OZ/IF/IZ/T,1,453307,271
EA,OF/OZ/IF/IZ/T,1,453308,48
EA,OF/OZ/IF/IZ/T,1,453324,92
EA,OF/OZ/IF/IZ/T,1,453356,21
EA,OF/OZ/IF/IZ/T,1,453388,8
EA,OF/OZ/IF/IZ/T,1,453396,80
EA,OF/OZ/IF/IZ/T,1,453412,64
EA,OF/OZ/IF/IZ/T,1,453416,66
EA,OF/OZ/IF/IZ/T,1,454447,8
EA,OF/OZ/IF/IZ/T,1,454585,8
EB,OF/OZ/IF/IZ/T,1,453308,10
EB,OF/OZ/IF/IZ/T,1,453324,69
EB,OF/OZ/IF/IZ/T,1,453356,29
EB,OF/OZ/IF/IZ/T,1,453388,16
EB,OF/OZ/IF/IZ/T,1,453396,63
EB,OF/OZ/IF/IZ/T,1,453412,36
EB,OF/OZ/IF/IZ/T,1,453416,36
EB,OF/OZ/IF/IZ/T,1,454447,3
EC,OF/OZ/IF/IZ/T,1,453308,100
EC,OF/OZ/IF/IZ/T,1,453324,74
EC,OF/OZ/IF/IZ/T,1,453356,45
EC,OF/OZ/IF/IZ/T,1,453388,24
EC,OF/OZ/IF/IZ/T,1,453396,86
EC,OF/OZ/IF/IZ/T,1,453412,74
EC,OF/OZ/IF/IZ/T,1,453416,32
EC,OF/OZ/IF/IZ/T,1,454447,1
EC,OF/OZ/IF/IZ/T,1,454585,2
ED,OF/OZ/IF/IZ/T,1,453308,70
ED,OF/OZ/IF/IZ/T,1,453324,19
ED,OF/OZ/IF/IZ/T,1,453356,41
ED,OF/OZ/IF/IZ/T,1,453388,2
ED,OF/OZ/IF/IZ/T,1,453396,101
ED,OF/OZ/IF/IZ/T,1,453412,104
ED,OF/OZ/IF/IZ/T,1,453416,31
ED,OF/OZ/IF/IZ/T,1,454585,1
EE,OF/OZ/IF/IZ/T,1,453308,76
EE,OF/OZ/IF/IZ/T,1,453324,43
EE,OF/OZ/IF/IZ/T,1,453396,4
EE,OF/OZ/IF/IZ/T,1,453412,77
EE,OF/OZ/IF/IZ/T,1,453416,42
EE,OF/OZ/IF/IZ/T,1,454447,5
