,VOY_ID,VOY_IEFG,SCD_RCVSTDT,SCD_RCVEDDT,VBT_BTH_PBTHNO,VBT_BTH_ABTHNO,VBT_PBTHDT,VBT_PDPTDT,VBT_ABTHDT,VBT_ADPTDT,VSL_CNNAME,VSL_ENNAME
0,451636,E,2026-04-19 10:30:00,2026-04-23 22:30:00,6,6,2026-04-23 04:30:00,2026-04-24 17:30:00,2026-04-23 06:15:00,2026-04-24 17:30:00,阿尔瓦马士基,ALVA MAERSK
1,451635,I,2026-04-19 10:30:00,2026-04-23 22:30:00,6,6,2026-04-23 04:30:00,2026-04-24 17:30:00,2026-04-23 06:15:00,2026-04-24 17:30:00,阿尔瓦马士基,ALVA MAERSK
2,451493,I,2026-04-19 14:00:00,2026-04-23 07:30:00,4,4,2026-04-22 10:30:00,2026-04-23 01:00:00,2026-04-22 11:40:00,2026-04-23 01:20:00,地中海瑞雅,MSC RAYA
3,451494,E,2026-04-19 14:00:00,2026-04-23 07:30:00,4,4,2026-04-22 10:30:00,2026-04-23 01:00:00,2026-04-22 11:40:00,2026-04-23 01:20:00,地中海瑞雅,MSC RAYA
4,451561,I,2026-04-19 15:00:00,2026-04-27 16:00:00,4,4,2026-04-25 23:00:00,2026-04-26 21:00:00,2026-04-25 23:45:00,2026-04-26 21:00:00,处女座,VIRGO
5,451562,E,2026-04-19 15:00:00,2026-04-27 16:00:00,4,4,2026-04-25 23:00:00,2026-04-26 21:00:00,2026-04-25 23:45:00,2026-04-26 21:00:00,处女座,VIRGO
6,451652,E,2026-04-19 16:00:00,2026-04-25 22:30:00,4,4,2026-04-23 01:30:00,2026-04-24 20:30:00,2026-04-23 02:25:00,2026-04-24 20:55:00,马尼拉快航,MANILA EXPRESS
7,451651,I,2026-04-19 16:00:00,2026-04-25 22:30:00,4,4,2026-04-23 01:30:00,2026-04-24 20:30:00,2026-04-23 02:25:00,2026-04-24 20:55:00,马尼拉快航,MANILA EXPRESS
8,451469,I,2026-04-20 11:00:00,2026-04-24 17:30:00,3,3,2026-04-25 07:00:00,2026-04-26 11:00:00,2026-04-25 07:50:00,2026-04-26 11:00:00,大阪快航,OSAKA EXPRESS
9,451470,E,2026-04-20 11:00:00,2026-04-24 17:30:00,3,3,2026-04-25 07:00:00,2026-04-26 11:00:00,2026-04-25 07:50:00,2026-04-26 11:00:00,大阪快航,OSAKA EXPRESS
10,451477,I,2026-04-20 13:00:00,2026-04-25 03:00:00,3,3,2026-04-23 11:00:00,2026-04-24 12:00:00,2026-04-23 12:20:00,2026-04-24 12:00:00,地中海乔斯琳,MSC JOSSELINE
11,451478,E,2026-04-20 13:00:00,2026-04-25 03:00:00,3,3,2026-04-23 11:00:00,2026-04-24 12:00:00,2026-04-23 12:20:00,2026-04-24 12:00:00,地中海乔斯琳,MSC JOSSELINE
12,452925,I,2026-04-20 20:00:00,2026-04-24 23:30:00,3,3,2026-04-24 12:30:00,2026-04-25 06:30:00,2026-04-24 13:15:00,2026-04-25 06:30:00,古德龙马士基,GUDRUN MAERSK
13,452926,E,2026-04-20 20:00:00,2026-04-24 23:30:00,3,3,2026-04-24 12:30:00,2026-04-25 06:30:00,2026-04-24 13:15:00,2026-04-25 06:30:00,古德龙马士基,GUDRUN MAERSK
14,453071,I,2026-04-21 10:00:00,2026-04-26 00:00:00,6,6,2026-04-25 10:30:00,2026-04-26 08:00:00,2026-04-25 11:00:00,2026-04-26 08:00:00,地中海维特多利亚,MSC VITTORIA
15,453072,E,2026-04-21 10:00:00,2026-04-26 00:00:00,6,6,2026-04-25 10:30:00,2026-04-26 08:00:00,2026-04-25 11:00:00,2026-04-26 08:00:00,地中海维特多利亚,MSC VITTORIA
16,452854,I,2026-04-21 12:00:00,2026-04-26 01:30:00,2,2,2026-04-23 23:00:00,2026-04-25 03:30:00,2026-04-23 23:50:00,2026-04-25 03:30:00,维也纳快航,VIENNA EXPRESS
17,452855,E,2026-04-21 12:00:00,2026-04-26 01:30:00,2,2,2026-04-23 23:00:00,2026-04-25 03:30:00,2026-04-23 23:50:00,2026-04-25 03:30:00,维也纳快航,VIENNA EXPRESS
18,451647,I,2026-04-21 14:00:00,2026-04-26 15:00:00,4,4,2026-04-24 21:00:00,2026-04-25 22:30:00,2026-04-24 21:35:00,2026-04-25 22:30:00,马士基圣拉萨罗,MAERSK SAN LAZARO
19,451648,E,2026-04-21 14:00:00,2026-04-26 15:00:00,4,4,2026-04-24 21:00:00,2026-04-25 22:30:00,2026-04-24 21:35:00,2026-04-25 22:30:00,马士基圣拉萨罗,MAERSK SAN LAZARO
20,451627,I,2026-04-21 16:00:00,2026-04-25 09:30:00,6,6,2026-04-24 18:00:00,2026-04-25 10:00:00,2026-04-24 19:30:00,2026-04-25 10:00:00,地中海迪特,MSC DITTE
21,451628,E,2026-04-21 16:00:00,2026-04-25 09:30:00,6,6,2026-04-24 18:00:00,2026-04-25 10:00:00,2026-04-24 19:30:00,2026-04-25 10:00:00,地中海迪特,MSC DITTE
22,451497,I,2026-04-22 10:30:00,2026-04-26 15:00:00,3,3,2026-04-26 11:30:00,2026-04-27 16:00:00,2026-04-26 12:00:00,2026-04-27 16:00:00,达飞伏尔加河,CMA CGM VOLGA
23,451498,E,2026-04-22 10:30:00,2026-04-26 15:00:00,3,3,2026-04-26 11:30:00,2026-04-27 16:00:00,2026-04-26 12:00:00,2026-04-27 16:00:00,达飞伏尔加河,CMA CGM VOLGA
24,451560,E,2026-04-22 12:00:00,2026-04-29 20:30:00,3,3,2026-04-27 16:30:00,2026-04-28 14:00:00,2026-04-27 17:15:00,2026-04-28 14:10:00,海陆铃戈,SEASPAN LINGUE
25,451559,I,2026-04-22 12:00:00,2026-04-29 20:30:00,3,3,2026-04-27 16:30:00,2026-04-28 14:00:00,2026-04-27 17:15:00,2026-04-28 14:10:00,海陆铃戈,SEASPAN LINGUE
26,452880,E,2026-04-22 13:00:00,2026-04-26 21:00:00,2,2,2026-04-25 14:30:00,2026-04-26 05:00:00,2026-04-25 15:00:00,2026-04-26 05:10:00,地中海克罗琳达,MSC CLORINDA
27,452879,I,2026-04-22 13:00:00,2026-04-26 21:00:00,2,2,2026-04-25 14:30:00,2026-04-26 05:00:00,2026-04-25 15:00:00,2026-04-26 05:10:00,地中海克罗琳达,MSC CLORINDA
28,451569,I,2026-04-23 11:00:00,2026-04-28 07:00:00,6,6,2026-04-26 08:30:00,2026-04-28 07:00:00,2026-04-26 09:20:00,2026-04-28 07:00:00,伊迪丝马士基,EDITH MAERSK
29,451570,E,2026-04-23 11:00:00,2026-04-28 07:00:00,6,6,2026-04-26 08:30:00,2026-04-28 07:00:00,2026-04-26 09:20:00,2026-04-28 07:00:00,伊迪丝马士基,EDITH MAERSK
30,451538,E,2026-04-23 13:00:00,2026-04-27 19:00:00,2,2,2026-04-26 15:30:00,2026-04-27 19:30:00,2026-04-26 16:30:00,2026-04-27 19:30:00,古河马士基,GUNHILDE MAERSK
31,451537,I,2026-04-23 13:00:00,2026-04-27 19:00:00,2,2,2026-04-26 15:30:00,2026-04-27 19:30:00,2026-04-26 16:30:00,2026-04-27 19:30:00,古河马士基,GUNHILDE MAERSK
32,453076,E,2026-04-23 15:00:00,2026-04-27 09:30:00,4,4,2026-04-26 21:30:00,2026-04-27 12:30:00,2026-04-26 22:00:00,2026-04-27 12:30:00,地中海罗马,MSC ROME
33,453075,I,2026-04-23 15:00:00,2026-04-27 09:30:00,4,4,2026-04-26 21:30:00,2026-04-27 12:30:00,2026-04-26 22:00:00,2026-04-27 12:30:00,地中海罗马,MSC ROME
34,451844,I,2026-04-24 09:40:00,2026-04-28 01:00:00,4,4,2026-04-27 13:00:00,2026-04-28 11:00:00,2026-04-27 13:55:00,2026-04-28 11:20:00,地中海安哥拉,MSC ANGOLA
35,451845,E,2026-04-24 09:40:00,2026-04-28 01:00:00,4,4,2026-04-27 13:00:00,2026-04-28 11:00:00,2026-04-27 13:55:00,2026-04-28 11:20:00,地中海安哥拉,MSC ANGOLA
36,451573,I,2026-04-24 12:00:00,2026-04-29 05:00:00,3,3,2026-04-28 17:00:00,2026-04-29 17:30:00,2026-04-28 17:40:00,2026-04-29 17:55:00,马士基金牛,MAERSK TAURUS
37,451574,E,2026-04-24 12:00:00,2026-04-29 05:00:00,3,3,2026-04-28 17:00:00,2026-04-29 17:30:00,2026-04-28 17:40:00,2026-04-29 17:55:00,马士基金牛,MAERSK TAURUS
38,451541,I,2026-04-24 16:00:00,2026-04-29 11:00:00,6,6,2026-04-28 07:30:00,2026-04-29 23:30:00,2026-04-28 09:00:00,2026-04-29 23:30:00,地中海安娜贝拉,MSC ANNABELLA
39,451542,E,2026-04-24 16:00:00,2026-04-29 11:00:00,6,6,2026-04-28 07:30:00,2026-04-29 23:30:00,2026-04-28 09:00:00,2026-04-29 23:30:00,地中海安娜贝拉,MSC ANNABELLA
40,453237,I,2026-04-25 10:30:00,2026-04-30 00:00:00,4,4,2026-04-28 11:30:00,2026-04-30 11:30:00,2026-04-28 12:30:00,2026-04-30 11:30:00,美途马士基,MARSTAL MAERSK
41,453238,E,2026-04-25 10:30:00,2026-04-30 00:00:00,4,4,2026-04-28 11:30:00,2026-04-30 11:30:00,2026-04-28 12:30:00,2026-04-30 11:30:00,美途马士基,MARSTAL MAERSK
42,453123,I,2026-04-25 11:00:00,2026-04-28 16:30:00,2,2,2026-04-27 20:00:00,2026-04-28 17:30:00,2026-04-27 20:30:00,2026-04-28 17:30:00,马士基帕洛玛,MAERSK EL PALOMAR
43,453124,E,2026-04-25 11:00:00,2026-04-28 16:30:00,2,2,2026-04-27 20:00:00,2026-04-28 17:30:00,2026-04-27 20:30:00,2026-04-28 17:30:00,马士基帕洛玛,MAERSK EL PALOMAR
44,453480,E,2026-04-26 11:00:00,2026-04-30 08:30:00,3,3,2026-04-29 18:00:00,2026-04-30 08:30:00,2026-04-29 20:00:00,2026-04-30 08:30:00,马士基斯特拉尔松,MAERSK STRALSUND
45,453479,I,2026-04-26 11:00:00,2026-04-30 08:30:00,3,3,2026-04-29 18:00:00,2026-04-30 08:30:00,2026-04-29 20:00:00,2026-04-30 08:30:00,马士基斯特拉尔松,MAERSK STRALSUND
46,453239,I,2026-04-26 13:00:00,2026-05-01 09:30:00,3,3,2026-04-30 09:00:00,2026-05-01 22:00:00,2026-04-30 09:45:00,2026-05-01 22:00:00,马士基哈利法克斯,MAERSK HALIFAX
47,453240,E,2026-04-26 13:00:00,2026-05-01 09:30:00,3,3,2026-04-30 09:00:00,2026-05-01 22:00:00,2026-04-30 09:45:00,2026-05-01 22:00:00,马士基哈利法克斯,MAERSK HALIFAX
48,453245,I,2026-04-26 15:00:00,2026-05-01 03:00:00,6,6,2026-04-29 23:59:00,2026-05-01 00:00:00,2026-04-30 01:30:00,2026-05-01 00:00:00,和谐快航,NAVIOS UNISON
49,453246,E,2026-04-26 15:00:00,2026-05-01 03:00:00,6,6,2026-04-29 23:59:00,2026-05-01 00:00:00,2026-04-30 01:30:00,2026-05-01 00:00:00,和谐快航,NAVIOS UNISON
50,453553,E,2026-04-26 21:00:00,2026-05-01 09:30:00,2,2,2026-04-29 21:00:00,2026-04-30 21:00:00,2026-04-29 22:15:00,2026-04-30 21:00:00,地中海索菲亚帕斯,MSC SOFIA PAZ
51,453552,I,2026-04-26 21:00:00,2026-05-01 09:30:00,2,2,2026-04-29 21:00:00,2026-04-30 21:00:00,2026-04-29 22:15:00,2026-04-30 21:00:00,地中海索菲亚帕斯,MSC SOFIA PAZ
52,451620,E,2026-04-27 12:00:00,2026-05-02 12:30:00,4,4,2026-04-30 12:00:00,2026-05-02 15:30:00,2026-04-30 13:05:00,2026-05-02 15:30:00,阿拉伯蒂哈马,TIHAMA
53,451619,I,2026-04-27 12:00:00,2026-05-02 12:30:00,4,4,2026-04-30 12:00:00,2026-05-02 15:30:00,2026-04-30 13:05:00,2026-05-02 15:30:00,阿拉伯蒂哈马,TIHAMA
54,453341,I,2026-04-27 13:00:00,2026-05-03 19:30:00,2,2,2026-05-02 22:00:00,2026-05-03 22:30:00,2026-05-02 22:00:00,2026-05-03 22:30:00,里约神户,RIO KOBE
55,453342,E,2026-04-27 13:00:00,2026-05-03 19:30:00,2,2,2026-05-02 22:00:00,2026-05-03 22:30:00,2026-05-02 22:00:00,2026-05-03 22:30:00,里约神户,RIO KOBE
56,451707,I,2026-04-27 14:00:00,2026-05-02 07:00:00,1,1,2026-04-30 21:30:00,2026-05-01 18:30:00,2026-04-30 22:25:00,2026-05-01 18:30:00,毛里奥伊,MARIA Y
57,451708,E,2026-04-27 14:00:00,2026-05-02 07:00:00,1,1,2026-04-30 21:30:00,2026-05-01 18:30:00,2026-04-30 22:25:00,2026-05-01 18:30:00,毛里奥伊,MARIA Y
58,453427,I,2026-04-27 16:00:00,2026-05-02 03:30:00,6,6,2026-05-01 00:30:00,2026-05-02 00:30:00,2026-05-01 02:00:00,2026-05-02 00:30:00,地中海凯莉,MSC KAYLEY
59,453428,E,2026-04-27 16:00:00,2026-05-02 03:30:00,6,6,2026-05-01 00:30:00,2026-05-02 00:30:00,2026-05-01 02:00:00,2026-05-02 00:30:00,地中海凯莉,MSC KAYLEY
60,453227,I,2026-04-28 11:00:00,2026-05-03 10:30:00,3,3,2026-05-01 22:30:00,2026-05-03 07:30:00,2026-05-01 23:15:00,2026-05-03 07:30:00,阿拉伯莉娜哈,LINAH
61,453228,E,2026-04-28 11:00:00,2026-05-03 10:30:00,3,3,2026-05-01 22:30:00,2026-05-03 07:30:00,2026-05-01 23:15:00,2026-05-03 07:30:00,阿拉伯莉娜哈,LINAH
62,453275,I,2026-04-28 13:00:00,2026-05-03 07:30:00,4,4,2026-05-02 19:00:00,2026-05-04 01:30:00,2026-05-02 19:45:00,2026-05-04 01:30:00,马士基斯德哥尔摩,MAERSK STOCKHOLM
63,453276,E,2026-04-28 13:00:00,2026-05-03 07:30:00,4,4,2026-05-02 19:00:00,2026-05-04 01:30:00,2026-05-02 19:45:00,2026-05-04 01:30:00,马士基斯德哥尔摩,MAERSK STOCKHOLM
64,451709,I,2026-04-28 16:00:00,2026-05-02 19:00:00,1,1,2026-05-01 19:00:00,2026-05-02 19:00:00,2026-05-01 19:50:00,2026-05-02 19:00:00,亚马逊快航,SEASPAN AMAZON
65,451710,E,2026-04-28 16:00:00,2026-05-02 19:00:00,1,1,2026-05-01 19:00:00,2026-05-02 19:00:00,2026-05-01 19:50:00,2026-05-02 19:00:00,亚马逊快航,SEASPAN AMAZON
66,453437,I,2026-04-28 20:00:00,2026-05-03 16:00:00,6,6,2026-05-02 01:00:00,2026-05-03 04:30:00,2026-05-02 02:10:00,2026-05-03 04:30:00,马士基圣胡安,MAERSK SAN JUAN
67,453438,E,2026-04-28 20:00:00,2026-05-03 16:00:00,6,6,2026-05-02 01:00:00,2026-05-03 04:30:00,2026-05-02 02:10:00,2026-05-03 04:30:00,马士基圣胡安,MAERSK SAN JUAN
68,453349,I,2026-04-29 11:00:00,2026-05-04 20:00:00,2,2,2026-05-03 23:00:00,2026-05-04 20:00:00,2026-05-03 23:20:00,2026-05-04 20:00:00,处女座,VIRGO
69,453350,E,2026-04-29 11:00:00,2026-05-04 20:00:00,2,2,2026-05-03 23:00:00,2026-05-04 20:00:00,2026-05-03 23:20:00,2026-05-04 20:00:00,处女座,VIRGO
70,453542,I,2026-04-29 13:00:00,2026-05-04 01:30:00,6,6,2026-05-03 05:00:00,2026-05-04 04:30:00,2026-05-03 06:30:00,2026-05-04 04:30:00,爱玛马士基,EMMA MAERSK
71,453543,E,2026-04-29 13:00:00,2026-05-04 01:30:00,6,6,2026-05-03 05:00:00,2026-05-04 04:30:00,2026-05-03 06:30:00,2026-05-04 04:30:00,爱玛马士基,EMMA MAERSK
72,453787,I,2026-04-29 16:00:00,2026-05-03 16:00:00,6,6,2026-05-04 05:00:00,2026-05-04 11:00:00,2026-05-04 06:20:00,2026-05-04 11:00:00,圣卡塔瑞娜马士基,SANTA CATARINA MAERSK
73,453788,E,2026-04-29 16:00:00,2026-05-03 16:00:00,6,6,2026-05-04 05:00:00,2026-05-04 11:00:00,2026-05-04 06:20:00,2026-05-04 11:00:00,圣卡塔瑞娜马士基,SANTA CATARINA MAERSK
74,453448,E,2026-04-29 20:00:00,2026-05-04 04:30:00,4,4,2026-05-04 02:00:00,2026-05-04 17:00:00,2026-05-04 02:50:00,2026-05-04 17:10:00,地中海莱妮,MSC LENI
75,453447,I,2026-04-29 20:00:00,2026-05-04 04:30:00,4,4,2026-05-04 02:00:00,2026-05-04 17:00:00,2026-05-04 02:50:00,2026-05-04 17:10:00,地中海莱妮,MSC LENI
76,453256,E,2026-04-30 11:00:00,2026-05-04 13:30:00,3,3,2026-05-03 08:00:00,2026-05-03 23:30:00,2026-05-03 09:10:00,2026-05-03 23:55:00,安吉莉卡马士基,ANGELICA MAERSK
77,453255,I,2026-04-30 11:00:00,2026-05-04 13:30:00,3,3,2026-05-03 08:00:00,2026-05-03 23:30:00,2026-05-03 09:10:00,2026-05-03 23:55:00,安吉莉卡马士基,ANGELICA MAERSK
78,453394,E,2026-04-30 13:00:00,2026-05-06 05:30:00,4,4,2026-05-05 14:30:00,2026-05-07 18:00:00,2026-05-05 15:25:00,2026-05-07 18:00:00,莫斯科马士基,MOSCOW MAERSK
79,453393,I,2026-04-30 13:00:00,2026-05-06 05:30:00,4,4,2026-05-05 14:30:00,2026-05-07 18:00:00,2026-05-05 15:25:00,2026-05-07 18:00:00,莫斯科马士基,MOSCOW MAERSK
80,453289,I,2026-04-30 15:00:00,2026-05-05 02:00:00,3,3,2026-05-04 01:30:00,2026-05-05 02:00:00,2026-05-04 02:00:00,2026-05-05 02:00:00,地中海埃莉莎十三号,MSC ELISA XIII
81,453290,E,2026-04-30 15:00:00,2026-05-05 02:00:00,3,3,2026-05-04 01:30:00,2026-05-05 02:00:00,2026-05-04 02:00:00,2026-05-05 02:00:00,地中海埃莉莎十三号,MSC ELISA XIII
82,453316,E,2026-05-01 11:00:00,2026-05-05 11:00:00,6,6,2026-05-04 11:30:00,2026-05-05 05:00:00,2026-05-04 12:20:00,2026-05-05 05:00:00,马士基院岛,MAERSK INNOSHIMA
83,453315,I,2026-05-01 11:00:00,2026-05-05 11:00:00,6,6,2026-05-04 11:30:00,2026-05-05 05:00:00,2026-05-04 12:20:00,2026-05-05 05:00:00,马士基院岛,MAERSK INNOSHIMA
84,453361,I,2026-05-01 13:00:00,2026-05-05 20:30:00,4,4,2026-05-04 17:30:00,2026-05-05 14:00:00,2026-05-04 18:50:00,2026-05-05 14:20:00,智利国航阿劳科,CCNI ARAUCO
85,453362,E,2026-05-01 13:00:00,2026-05-05 20:30:00,4,4,2026-05-04 17:30:00,2026-05-05 14:00:00,2026-05-04 18:50:00,2026-05-05 14:20:00,智利国航阿劳科,CCNI ARAUCO
86,453336,E,2026-05-02 00:00:00,2026-05-06 02:30:00,2,2,2026-05-04 20:30:00,2026-05-05 20:00:00,2026-05-04 21:30:00,2026-05-05 20:00:00,地中海热那亚,MSC GENOVA
87,453335,I,2026-05-02 00:00:00,2026-05-06 02:30:00,2,2,2026-05-04 20:30:00,2026-05-05 20:00:00,2026-05-04 21:30:00,2026-05-05 20:00:00,地中海热那亚,MSC GENOVA
88,453309,I,2026-05-02 11:00:00,2026-05-06 12:00:00,3,3,2026-05-05 02:30:00,2026-05-06 05:30:00,2026-05-05 03:30:00,2026-05-06 05:30:00,阿莱塔马士基,ALETTE MAERSK
89,453310,E,2026-05-02 11:00:00,2026-05-06 12:00:00,3,3,2026-05-05 02:30:00,2026-05-06 05:30:00,2026-05-05 03:30:00,2026-05-06 05:30:00,阿莱塔马士基,ALETTE MAERSK
90,453370,E,2026-05-02 14:00:00,2026-05-06 20:30:00,2,2,2026-05-08 04:00:00,2026-05-08 22:00:00,2026-05-08 04:30:00,2026-05-08 23:25:00,莉迪亚,GSL LYDIA
91,453369,I,2026-05-02 14:00:00,2026-05-06 20:30:00,2,2,2026-05-08 04:00:00,2026-05-08 22:00:00,2026-05-08 04:30:00,2026-05-08 23:25:00,莉迪亚,GSL LYDIA
92,453452,E,2026-05-02 21:00:00,2026-05-08 04:00:00,6,6,2026-05-05 05:30:00,2026-05-06 14:30:00,2026-05-05 06:05:00,2026-05-06 14:50:00,地中海卡塔尼亚,MSC CATANIA
93,453451,I,2026-05-02 21:00:00,2026-05-08 04:00:00,6,6,2026-05-05 05:30:00,2026-05-06 14:30:00,2026-05-05 06:05:00,2026-05-06 14:50:00,地中海卡塔尼亚,MSC CATANIA
94,453420,E,2026-05-03 11:00:00,2026-05-08 00:00:00,2,1,2026-05-06 21:00:00,2026-05-08 01:00:00,2026-05-06 21:20:00,2026-05-08 01:00:00,马士基峡谷,MAERSK CANYON
95,453419,I,2026-05-03 11:00:00,2026-05-08 00:00:00,2,1,2026-05-06 21:00:00,2026-05-08 01:00:00,2026-05-06 21:20:00,2026-05-08 01:00:00,马士基峡谷,MAERSK CANYON
96,453549,E,2026-05-03 13:00:00,2026-05-07 15:00:00,2,2,2026-05-05 20:30:00,2026-05-06 20:30:00,2026-05-05 21:10:00,2026-05-06 20:30:00,智利科伊艾克,COYHAIQUE
97,453548,I,2026-05-03 13:00:00,2026-05-07 15:00:00,2,2,2026-05-05 20:30:00,2026-05-06 20:30:00,2026-05-05 21:10:00,2026-05-06 20:30:00,智利科伊艾克,COYHAIQUE
98,453344,E,2026-05-03 14:00:00,2026-05-10 22:00:00,3,3,2026-05-08 08:00:00,2026-05-09 04:30:00,2026-05-08 08:50:00,2026-05-09 04:30:00,海陆铃戈,SEASPAN LINGUE
99,453343,I,2026-05-03 14:00:00,2026-05-10 22:00:00,3,3,2026-05-08 08:00:00,2026-05-09 04:30:00,2026-05-08 08:50:00,2026-05-09 04:30:00,海陆铃戈,SEASPAN LINGUE
100,451653,I,2026-05-03 15:00:00,2026-05-08 16:00:00,6,6,2026-05-07 15:30:00,2026-05-09 11:30:00,2026-05-07 17:40:00,2026-05-09 11:50:00,釜山快航,BUSAN EXPRESS
101,451654,E,2026-05-03 15:00:00,2026-05-08 16:00:00,6,6,2026-05-07 15:30:00,2026-05-09 11:30:00,2026-05-07 17:40:00,2026-05-09 11:50:00,釜山快航,BUSAN EXPRESS
102,453896,I,2026-05-03 16:00:00,2026-05-07 18:30:00,6,6,2026-05-06 15:00:00,2026-05-07 15:00:00,2026-05-06 16:35:00,2026-05-07 15:00:00,安西娅,ANTHEA Y
103,453897,E,2026-05-03 16:00:00,2026-05-07 18:30:00,6,6,2026-05-06 15:00:00,2026-05-07 15:00:00,2026-05-06 16:35:00,2026-05-07 15:00:00,安西娅,ANTHEA Y
104,453390,E,2026-05-03 21:30:00,2026-05-07 21:00:00,3,3,2026-05-06 06:00:00,2026-05-07 03:30:00,2026-05-06 06:45:00,2026-05-07 03:30:00,法兰克福快航,FRANKFURT EXPRESS
105,453389,I,2026-05-03 21:30:00,2026-05-07 21:00:00,3,3,2026-05-06 06:00:00,2026-05-07 03:30:00,2026-05-06 06:45:00,2026-05-07 03:30:00,法兰克福快航,FRANKFURT EXPRESS
106,453326,E,2026-05-04 12:00:00,2026-05-09 11:30:00,2,1,2026-05-08 22:30:00,2026-05-10 12:30:00,2026-05-09 01:15:00,2026-05-10 12:30:00,古帝马士基,GUNDE MAERSK
107,453325,I,2026-05-04 12:00:00,2026-05-09 11:30:00,2,1,2026-05-08 22:30:00,2026-05-10 12:30:00,2026-05-09 01:15:00,2026-05-10 12:30:00,古帝马士基,GUNDE MAERSK
108,453376,E,2026-05-04 14:00:00,2026-05-08 04:00:00,3,3,2026-05-07 04:00:00,2026-05-08 07:30:00,2026-05-07 04:45:00,2026-05-08 07:30:00,丹吉尔马士基,TANGIER MAERSK
109,453375,I,2026-05-04 14:00:00,2026-05-08 04:00:00,3,3,2026-05-07 04:00:00,2026-05-08 07:30:00,2026-05-07 04:45:00,2026-05-08 07:30:00,丹吉尔马士基,TANGIER MAERSK
110,453408,E,2026-05-04 16:00:00,2026-05-08 16:00:00,4,4,2026-05-07 18:30:00,2026-05-08 16:00:00,2026-05-07 19:30:00,2026-05-08 16:00:00,地中海思辛,MSC SIXIN
111,453407,I,2026-05-04 16:00:00,2026-05-08 16:00:00,4,4,2026-05-07 18:30:00,2026-05-08 16:00:00,2026-05-07 19:30:00,2026-05-08 16:00:00,地中海思辛,MSC SIXIN
112,453886,I,2026-05-05 11:00:00,2026-05-09 20:00:00,4,4,2026-05-08 16:30:00,2026-05-09 20:00:00,2026-05-08 17:50:00,2026-05-09 20:00:00,地中海弗蕾娅,MSC FREYA
113,453887,E,2026-05-05 11:00:00,2026-05-09 20:00:00,4,4,2026-05-08 16:30:00,2026-05-09 20:00:00,2026-05-08 17:50:00,2026-05-09 20:00:00,地中海弗蕾娅,MSC FREYA
114,454063,I,2026-05-05 15:00:00,2026-05-09 11:30:00,1,1,2026-05-09 11:30:00,2026-05-09 23:30:00,2026-05-09 11:45:00,2026-05-09 23:30:00,简珍马士基,JENS MAERSK
115,454064,E,2026-05-05 15:00:00,2026-05-09 11:30:00,1,1,2026-05-09 11:30:00,2026-05-09 23:30:00,2026-05-09 11:45:00,2026-05-09 23:30:00,简珍马士基,JENS MAERSK
116,453433,I,2026-05-05 20:00:00,2026-05-10 15:30:00,3,3,2026-05-09 05:00:00,2026-05-10 09:00:00,2026-05-09 05:55:00,2026-05-10 09:00:00,凯普圣阿特米西奥,CAP SAN ARTEMISSIO
117,453434,E,2026-05-05 20:00:00,2026-05-10 15:30:00,3,3,2026-05-09 05:00:00,2026-05-10 09:00:00,2026-05-09 05:55:00,2026-05-10 09:00:00,凯普圣阿特米西奥,CAP SAN ARTEMISSIO
118,453441,I,2026-05-06 11:00:00,2026-05-10 12:30:00,6,6,2026-05-09 12:00:00,2026-05-10 06:00:00,2026-05-09 13:35:00,2026-05-10 06:00:00,地中海克拉波拉,MSC CRAPOLLA
119,453442,E,2026-05-06 11:00:00,2026-05-10 12:30:00,6,6,2026-05-09 12:00:00,2026-05-10 06:00:00,2026-05-09 13:35:00,2026-05-10 06:00:00,地中海克拉波拉,MSC CRAPOLLA
120,453285,I,2026-05-06 13:00:00,2026-05-11 14:00:00,1,1,2026-05-10 13:00:00,2026-05-12 02:00:00,2026-05-10 13:20:00,2026-05-12 02:00:00,马士基育鲲,MAERSK YUKON
121,453286,E,2026-05-06 13:00:00,2026-05-11 14:00:00,1,1,2026-05-10 13:00:00,2026-05-12 02:00:00,2026-05-10 13:20:00,2026-05-12 02:00:00,马士基育鲲,MAERSK YUKON
122,453540,I,2026-05-06 16:00:00,2026-05-11 23:00:00,4,4,2026-05-09 20:30:00,2026-05-11 20:00:00,2026-05-09 21:25:00,2026-05-11 20:00:00,美莉马士基,MARIE MAERSK
123,453541,E,2026-05-06 16:00:00,2026-05-11 23:00:00,4,4,2026-05-09 20:30:00,2026-05-11 20:00:00,2026-05-09 21:25:00,2026-05-11 20:00:00,美莉马士基,MARIE MAERSK
124,453254,E,2026-05-07 10:00:00,2026-05-11 04:00:00,6,6,2026-05-10 06:30:00,2026-05-10 18:30:00,2026-05-10 07:50:00,2026-05-10 18:30:00,亚瑟马士基,ARTHUR MAERSK
125,453253,I,2026-05-07 10:00:00,2026-05-11 04:00:00,6,6,2026-05-10 06:30:00,2026-05-10 18:30:00,2026-05-10 07:50:00,2026-05-10 18:30:00,亚瑟马士基,ARTHUR MAERSK
126,453329,I,2026-05-07 12:00:00,2026-05-11 03:30:00,6,6,2026-05-10 19:00:00,2026-05-11 10:30:00,2026-05-10 20:00:00,2026-05-11 10:30:00,地中海卡梅拉,MSC CARMELA
127,453330,E,2026-05-07 12:00:00,2026-05-11 03:30:00,6,6,2026-05-10 19:00:00,2026-05-11 10:30:00,2026-05-10 20:00:00,2026-05-11 10:30:00,地中海卡梅拉,MSC CARMELA
128,453347,I,2026-05-07 14:00:00,2026-05-13 03:30:00,1,1,2026-05-13 16:00:00,2026-05-14 13:30:00,2026-05-13 16:30:00,2026-05-14 13:55:00,里约神户,RIO KOBE
129,453348,E,2026-05-07 14:00:00,2026-05-13 03:30:00,1,1,2026-05-13 16:00:00,2026-05-14 13:30:00,2026-05-13 16:30:00,2026-05-14 13:55:00,里约神户,RIO KOBE
130,453319,I,2026-05-07 16:00:00,2026-05-12 02:00:00,3,3,2026-05-10 18:30:00,2026-05-11 14:00:00,2026-05-10 19:00:00,2026-05-11 14:00:00,德洛斯波,DELOS WAVE
131,453320,E,2026-05-07 16:00:00,2026-05-12 02:00:00,3,3,2026-05-10 18:30:00,2026-05-11 14:00:00,2026-05-10 19:00:00,2026-05-11 14:00:00,德洛斯波,DELOS WAVE
132,453328,E,2026-05-07 21:00:00,2026-05-12 18:00:00,2,2,2026-05-12 02:30:00,2026-05-13 16:00:00,2026-05-12 03:15:00,2026-05-13 16:00:00,古娜马士基,GERNER MAERSK
133,453327,I,2026-05-07 21:00:00,2026-05-12 18:00:00,2,2,2026-05-12 02:30:00,2026-05-13 16:00:00,2026-05-12 03:15:00,2026-05-13 16:00:00,古娜马士基,GERNER MAERSK
134,453333,I,2026-05-08 10:00:00,2026-05-12 12:00:00,3,3,2026-05-11 14:30:00,2026-05-13 16:30:00,2026-05-11 14:50:00,2026-05-13 16:30:00,地中海玛丽,MSC MARIE
135,453334,E,2026-05-08 10:00:00,2026-05-12 12:00:00,3,3,2026-05-11 14:30:00,2026-05-13 16:30:00,2026-05-11 14:50:00,2026-05-13 16:30:00,地中海玛丽,MSC MARIE
136,453399,I,2026-05-08 11:30:00,2026-05-13 00:00:00,6,6,2026-05-11 11:00:00,2026-05-13 23:00:00,2026-05-11 12:00:00,2026-05-13 23:00:00,美若马士基,MERETE MAERSK
137,453400,E,2026-05-08 11:30:00,2026-05-13 00:00:00,6,6,2026-05-11 11:00:00,2026-05-13 23:00:00,2026-05-11 12:00:00,2026-05-13 23:00:00,美若马士基,MERETE MAERSK
138,453435,I,2026-05-08 16:00:00,2026-05-12 21:00:00,4,4,2026-05-11 20:30:00,2026-05-13 01:00:00,2026-05-11 21:20:00,2026-05-13 01:00:00,凯普圣马莱亚,CAP SAN MALEAS
139,453436,E,2026-05-08 16:00:00,2026-05-12 21:00:00,4,4,2026-05-11 20:30:00,2026-05-13 01:00:00,2026-05-11 21:20:00,2026-05-13 01:00:00,凯普圣马莱亚,CAP SAN MALEAS
140,453298,E,2026-05-09 10:00:00,2026-05-13 16:00:00,6,6,2026-05-13 23:30:00,2026-05-14 13:30:00,2026-05-14 00:50:00,2026-05-14 13:50:00,地中海内拉诺,MSC NERANO
141,453297,I,2026-05-09 10:00:00,2026-05-13 16:00:00,6,6,2026-05-13 23:30:00,2026-05-14 13:30:00,2026-05-14 00:50:00,2026-05-14 13:50:00,地中海内拉诺,MSC NERANO
142,453357,I,2026-05-09 16:00:00,2026-05-13 12:30:00,4,4,2026-05-13 03:30:00,2026-05-13 19:30:00,2026-05-13 04:50:00,2026-05-13 19:30:00,马士基塞维利亚,MAERSK SEVILLE
143,453358,E,2026-05-09 16:00:00,2026-05-13 12:30:00,4,4,2026-05-13 03:30:00,2026-05-13 19:30:00,2026-05-13 04:50:00,2026-05-13 19:30:00,马士基塞维利亚,MAERSK SEVILLE
144,453306,E,2026-05-09 20:00:00,2026-05-14 10:00:00,4,4,2026-05-13 20:00:00,2026-05-15 05:00:00,2026-05-13 20:50:00,2026-05-15 05:00:00,布里斯班马士基,BRISBANE MAERSK
145,453305,I,2026-05-09 20:00:00,2026-05-14 10:00:00,4,4,2026-05-13 20:00:00,2026-05-15 05:00:00,2026-05-13 20:50:00,2026-05-15 05:00:00,布里斯班马士基,BRISBANE MAERSK
146,453403,I,2026-05-10 11:00:00,2026-05-14 13:00:00,6,6,2026-05-14 14:00:00,2026-05-15 11:00:00,2026-05-14 15:50:00,2026-05-15 11:00:00,地中海黛安娜,MSC DIANA
147,453404,E,2026-05-10 11:00:00,2026-05-14 13:00:00,6,6,2026-05-14 14:00:00,2026-05-15 11:00:00,2026-05-14 15:50:00,2026-05-15 11:00:00,地中海黛安娜,MSC DIANA
148,453417,I,2026-05-10 13:00:00,2026-05-14 19:00:00,3,3,2026-05-14 20:00:00,2026-05-16 06:00:00,2026-05-14 20:40:00,2026-05-16 06:00:00,阿拉伯娜斯瑞亚,AL NASRIYAH
149,453418,E,2026-05-10 13:00:00,2026-05-14 19:00:00,3,3,2026-05-14 20:00:00,2026-05-16 06:00:00,2026-05-14 20:40:00,2026-05-16 06:00:00,阿拉伯娜斯瑞亚,AL NASRIYAH
150,453377,I,2026-05-10 15:00:00,2026-05-15 08:00:00,2,2,2026-05-15 17:30:00,2026-05-16 18:00:00,2026-05-15 18:05:00,2026-05-16 18:55:00,马士基萨纳,MAERSK SANA
151,453378,E,2026-05-10 15:00:00,2026-05-15 08:00:00,2,2,2026-05-15 17:30:00,2026-05-16 18:00:00,2026-05-15 18:05:00,2026-05-16 18:55:00,马士基萨纳,MAERSK SANA
152,453353,I,2026-05-10 16:00:00,2026-05-17 06:30:00,2,2,2026-05-16 18:30:00,2026-05-17 18:30:00,2026-05-16 20:30:00,2026-05-17 18:30:00,处女座,VIRGO
153,453354,E,2026-05-10 16:00:00,2026-05-17 06:30:00,2,2,2026-05-16 18:30:00,2026-05-17 18:30:00,2026-05-16 20:30:00,2026-05-17 18:30:00,处女座,VIRGO
154,453429,I,2026-05-11 11:00:00,2026-05-15 10:30:00,6,6,2026-05-15 11:30:00,2026-05-16 11:30:00,2026-05-15 12:30:00,2026-05-16 11:30:00,地中海凡德娅,MSC VANDYA
155,453430,E,2026-05-11 11:00:00,2026-05-15 10:30:00,6,6,2026-05-15 11:30:00,2026-05-16 11:30:00,2026-05-15 12:30:00,2026-05-16 11:30:00,地中海凡德娅,MSC VANDYA
156,453413,I,2026-05-11 13:00:00,2026-05-16 02:30:00,4,4,2026-05-15 05:30:00,2026-05-16 15:00:00,2026-05-15 06:10:00,2026-05-16 15:25:00,阿拉伯巴尔赞,BARZAN
157,453414,E,2026-05-11 13:00:00,2026-05-16 02:30:00,4,4,2026-05-15 05:30:00,2026-05-16 15:00:00,2026-05-15 06:10:00,2026-05-16 15:25:00,阿拉伯巴尔赞,BARZAN
158,453247,I,2026-05-11 15:00:00,2026-05-16 06:00:00,3,3,2026-05-13 19:00:00,2026-05-14 19:30:00,2026-05-13 19:15:00,2026-05-14 19:30:00,星座快航,NAVIOS CONSTELLATION
159,453248,E,2026-05-11 15:00:00,2026-05-16 06:00:00,3,3,2026-05-13 19:00:00,2026-05-14 19:30:00,2026-05-13 19:15:00,2026-05-14 19:30:00,星座快航,NAVIOS CONSTELLATION
160,453391,I,2026-05-12 11:00:00,2026-05-16 11:30:00,6,6,2026-05-16 12:00:00,2026-05-17 03:30:00,2026-05-16 13:00:00,2026-05-17 03:45:00,科斯塔斯,KOSTAS K
161,453392,E,2026-05-12 11:00:00,2026-05-16 11:30:00,6,6,2026-05-16 12:00:00,2026-05-17 03:30:00,2026-05-16 13:00:00,2026-05-17 03:45:00,科斯塔斯,KOSTAS K
162,453368,E,2026-05-12 13:00:00,2026-05-16 18:00:00,3,3,2026-05-16 06:30:00,2026-05-16 21:30:00,2026-05-16 07:30:00,2026-05-16 21:30:00,亚历山德拉,GSL ALEXANDRA
163,453367,I,2026-05-12 13:00:00,2026-05-16 18:00:00,3,3,2026-05-16 06:30:00,2026-05-16 21:30:00,2026-05-16 07:30:00,2026-05-16 21:30:00,亚历山德拉,GSL ALEXANDRA
164,453288,E,2026-05-12 22:00:00,2026-05-17 18:30:00,3,3,2026-05-16 22:00:00,2026-05-18 07:30:00,2026-05-16 22:55:00,2026-05-18 07:30:00,萨尔托洛,MAERSK SALTORO
165,453287,I,2026-05-12 22:00:00,2026-05-17 18:30:00,3,3,2026-05-16 22:00:00,2026-05-18 07:30:00,2026-05-16 22:55:00,2026-05-18 07:30:00,萨尔托洛,MAERSK SALTORO
166,453544,I,2026-05-13 10:00:00,2026-05-18 16:00:00,6,6,2026-05-17 04:00:00,2026-05-18 23:30:00,2026-05-17 06:00:00,2026-05-18 23:30:00,美润马士基,MARGRETHE MAERSK
167,453545,E,2026-05-13 10:00:00,2026-05-18 16:00:00,6,6,2026-05-17 04:00:00,2026-05-18 23:30:00,2026-05-17 06:00:00,2026-05-18 23:30:00,美润马士基,MARGRETHE MAERSK
168,453261,I,2026-05-13 11:00:00,2026-05-17 21:30:00,3,3,2026-05-18 08:00:00,2026-05-18 22:30:00,2026-05-18 08:35:00,2026-05-18 22:30:00,安妮马士基,ANE MAERSK
169,453262,E,2026-05-13 11:00:00,2026-05-17 21:30:00,3,3,2026-05-18 08:00:00,2026-05-18 22:30:00,2026-05-18 08:35:00,2026-05-18 22:30:00,安妮马士基,ANE MAERSK
170,453446,E,2026-05-13 13:00:00,2026-05-17 00:00:00,4,4,2026-05-16 15:30:00,2026-05-17 12:00:00,2026-05-16 17:20:00,2026-05-17 12:00:00,地中海菲比,MSC FEBE
171,453445,I,2026-05-13 13:00:00,2026-05-17 00:00:00,4,4,2026-05-16 15:30:00,2026-05-17 12:00:00,2026-05-16 17:20:00,2026-05-17 12:00:00,地中海菲比,MSC FEBE
172,453274,E,2026-05-14 10:00:00,2026-05-18 13:00:00,2,,2026-05-19 20:30:00,2026-05-20 21:00:00,,,马士基克里斯托巴,MAERSK SAN CHRISTOBAL
173,453273,I,2026-05-14 10:00:00,2026-05-18 13:00:00,2,,2026-05-19 20:30:00,2026-05-20 21:00:00,,,马士基克里斯托巴,MAERSK SAN CHRISTOBAL
174,453345,I,2026-05-14 12:00:00,2026-05-21 00:00:00,3,3,2026-05-18 23:00:00,2026-05-19 23:30:00,2026-05-19 00:10:00,,海陆铃戈,SEASPAN LINGUE
175,453346,E,2026-05-14 12:00:00,2026-05-21 00:00:00,3,3,2026-05-18 23:00:00,2026-05-19 23:30:00,2026-05-19 00:10:00,,海陆铃戈,SEASPAN LINGUE
176,453431,I,2026-05-14 16:00:00,2026-05-20 09:00:00,2,2,2026-05-17 19:00:00,2026-05-18 19:30:00,2026-05-17 19:45:00,2026-05-18 19:30:00,马士基莱柏瑞多,MAERSK LABERINTO
177,453432,E,2026-05-14 16:00:00,2026-05-20 09:00:00,2,2,2026-05-17 19:00:00,2026-05-18 19:30:00,2026-05-17 19:45:00,2026-05-18 19:30:00,马士基莱柏瑞多,MAERSK LABERINTO
178,454412,E,2026-05-14 20:00:00,2026-05-18 16:00:00,4,4,2026-05-18 04:00:00,2026-05-18 16:30:00,2026-05-18 05:30:00,2026-05-18 16:30:00,地中海玛格丽特十三号,MSC MARGRIT XIII
179,454411,I,2026-05-14 20:00:00,2026-05-18 16:00:00,4,4,2026-05-18 04:00:00,2026-05-18 16:30:00,2026-05-18 05:30:00,2026-05-18 16:30:00,地中海玛格丽特十三号,MSC MARGRIT XIII
180,453294,E,2026-05-15 10:00:00,2026-05-18 01:00:00,4,4,2026-05-17 12:30:00,2026-05-18 03:30:00,2026-05-17 13:25:00,2026-05-18 03:30:00,地中海艾丽安,MSC ARIANE
181,453293,I,2026-05-15 10:00:00,2026-05-18 01:00:00,4,4,2026-05-17 12:30:00,2026-05-18 03:30:00,2026-05-17 13:25:00,2026-05-18 03:30:00,地中海艾丽安,MSC ARIANE
182,454447,E,2026-05-15 12:00:00,2026-05-19 17:00:00,4,4,2026-05-18 17:00:00,2026-05-19 13:30:00,2026-05-18 18:30:00,,地中海威尼斯,MSC VENICE
183,454446,I,2026-05-15 12:00:00,2026-05-19 17:00:00,4,4,2026-05-18 17:00:00,2026-05-19 13:30:00,2026-05-18 18:30:00,,地中海威尼斯,MSC VENICE
184,453323,I,2026-05-15 14:00:00,2026-05-19 23:00:00,6,,2026-05-20 15:00:00,2026-05-21 15:30:00,,,哥德马士基,GERD MAERSK
185,453324,E,2026-05-15 14:00:00,2026-05-19 23:00:00,6,,2026-05-20 15:00:00,2026-05-21 15:30:00,,,哥德马士基,GERD MAERSK
186,453395,I,2026-05-15 20:00:00,2026-05-20 14:30:00,6,6,2026-05-19 01:30:00,2026-05-20 14:30:00,2026-05-19 02:30:00,,摩纳哥马士基,MONACO MAERSK
187,453396,E,2026-05-15 20:00:00,2026-05-20 14:30:00,6,6,2026-05-19 01:30:00,2026-05-20 14:30:00,2026-05-19 02:30:00,,摩纳哥马士基,MONACO MAERSK
188,453308,E,2026-05-16 11:00:00,2026-05-21 03:00:00,4,,2026-05-19 14:00:00,2026-05-21 03:00:00,,,埃斯特尔马士基,ESTELLE MAERSK
189,453307,I,2026-05-16 11:00:00,2026-05-21 03:00:00,4,,2026-05-19 14:00:00,2026-05-21 03:00:00,,,埃斯特尔马士基,ESTELLE MAERSK
190,454548,I,2026-05-16 13:00:00,2026-05-21 06:00:00,1,,2026-05-19 13:30:00,2026-05-21 03:30:00,,,阿特蒂,ATETI
191,454549,E,2026-05-16 13:00:00,2026-05-21 06:00:00,1,,2026-05-19 13:30:00,2026-05-21 03:30:00,,,阿特蒂,ATETI
192,453356,E,2026-05-16 22:00:00,2026-05-21 00:00:00,2,2,2026-05-18 20:00:00,2026-05-19 20:00:00,2026-05-18 20:50:00,,圣菲利克斯,SAN FELIX
193,453355,I,2026-05-16 22:00:00,2026-05-21 00:00:00,2,2,2026-05-18 20:00:00,2026-05-19 20:00:00,2026-05-18 20:50:00,,圣菲利克斯,SAN FELIX
194,453411,I,2026-05-17 11:00:00,2026-05-23 17:30:00,4,,2026-05-21 03:30:00,2026-05-23 17:30:00,,,柏林快航,BERLIN EXPRESS
195,453412,E,2026-05-17 11:00:00,2026-05-23 17:30:00,4,,2026-05-21 03:30:00,2026-05-23 17:30:00,,,柏林快航,BERLIN EXPRESS
196,453351,I,2026-05-17 14:00:00,2026-05-23 23:30:00,2,,2026-05-22 01:00:00,2026-05-23 01:30:00,,,里约神户,RIO KOBE
197,453352,E,2026-05-17 14:00:00,2026-05-23 23:30:00,2,,2026-05-22 01:00:00,2026-05-23 01:30:00,,,里约神户,RIO KOBE
198,453249,I,2026-05-17 20:55:00,2026-05-22 00:30:00,3,,2026-05-21 06:30:00,2026-05-22 13:30:00,,,青岛快航,TSINGTAO EXPRESS
199,453250,E,2026-05-17 20:55:00,2026-05-22 00:30:00,3,,2026-05-21 06:30:00,2026-05-22 13:30:00,,,青岛快航,TSINGTAO EXPRESS
200,454584,I,2026-05-18 11:00:00,2026-05-22 16:30:00,6,,2026-05-21 16:00:00,2026-05-22 16:30:00,,,地中海米茄,MSC MIRJA
201,454585,E,2026-05-18 11:00:00,2026-05-22 16:30:00,6,,2026-05-21 16:00:00,2026-05-22 16:30:00,,,地中海米茄,MSC MIRJA
202,453415,I,2026-05-18 16:00:00,2026-05-23 12:00:00,2,,2026-05-20 21:30:00,2026-05-22 00:30:00,,,阿拉伯萨拉丁,SALAHUDDIN
203,453416,E,2026-05-18 16:00:00,2026-05-23 12:00:00,2,,2026-05-20 21:30:00,2026-05-22 00:30:00,,,阿拉伯萨拉丁,SALAHUDDIN
204,453387,I,2026-05-19 11:00:00,2026-05-23 23:30:00,3,,2026-05-22 14:00:00,2026-05-23 23:30:00,,,布达佩斯快航,BUDAPEST EXPRESS
205,453388,E,2026-05-19 11:00:00,2026-05-23 23:30:00,3,,2026-05-22 14:00:00,2026-05-23 23:30:00,,,布达佩斯快航,BUDAPEST EXPRESS
206,454710,E,2026-05-19 13:00:00,2026-05-23 20:30:00,6,,2026-05-22 17:00:00,2026-05-23 20:30:00,,,地中海维加,MSC VEGA
207,454709,I,2026-05-19 13:00:00,2026-05-23 20:30:00,6,,2026-05-22 17:00:00,2026-05-23 20:30:00,,,地中海维加,MSC VEGA
