voyage_id,flow,area_no,planned_boxes,size_mode,plan_date
453250,OF,19,1,40,
453250,OF,1C,51,20,
453250,OF,1C,134,40,
453250,OF,29,37,20,
453250,OF,29,67,40,
453250,OF,2A,4,20,
453250,OF,2A,6,40,
453250,OF,2B,6,20,
453250,OF,2B,4,40,
453250,OF,2C,2,20,
453250,OF,2D,1,40,
453250,OF,38,6,20,
453250,OF,38,1,40,
453250,OF,39,1,20,
453250,OF,39,9,40,
453250,OF,3H,1,40,
453250,OF,49,20,20,
453250,OF,49,43,40,
453250,OF,4C,21,20,
453250,OF,4C,80,40,
453250,OF,5B,44,20,
453250,OF,5B,161,40,
453250,OF,5D,7,20,
453250,OF,5D,1,40,
453250,OF,6A,35,20,
453250,OF,6A,104,40,
453250,OF,6C,17,20,
453250,OF,6C,85,40,
453250,OF,6H,1,40,
453250,OF,E4,16,40,
453250,OF,E5,2,40,
453250,OF,E6,14,40,
453250,OF,E7,14,40,
453250,OF,E9,12,40,
453250,OF,EB,1,20,
453250,OF,EC,1,40,
453250,OF,ED,10,40,
453250,OF,EE,21,40,
453250,OZ,10,2,20,
453250,OZ,10,2,40,
453250,OZ,11,1,20,
453250,OZ,12,2,20,
453250,OZ,30,3,20,
453250,OZ,40,1,40,
453250,OZ,51,1,40,
453250,OZ,60,1,20,
453250,OZ,61,1,40,
453250,OZ,71,1,40,
453250,OZ,80,1,20,
453250,OZ,80,3,40,
453250,OZ,81,1,20,
453250,OZ,E1,1,40,
453250,OZ,E2,4,40,
453250,OZ,E4,1,20,
453250,OZ,E4,4,40,
453250,OZ,E5,1,20,
453250,OZ,E5,3,40,
453250,OZ,E9,2,20,
453250,OZ,E9,2,40,
453250,OZ,EA,2,20,
453250,OZ,EA,1,40,
453250,OZ,EB,2,40,
453250,OZ,EC,2,20,
453250,OZ,EC,6,40,
453250,T,13,5,20,
453250,T,13,2,40,
453250,T,14,2,20,
453250,T,14,1,40,
453250,T,15,1,40,
453250,T,17,1,20,
453250,T,22,1,20,
453250,T,22,34,40,
453250,T,23,6,20,
453250,T,24,7,20,
453250,T,24,3,40,
453250,T,26,1,20,
453250,T,27,1,40,
453250,T,32,1,20,
453250,T,32,3,40,
453250,T,33,1,20,
453250,T,33,4,40,
453250,T,42,4,40,
453250,T,43,4,40,
453250,T,44,2,20,
453250,T,44,1,40,
453250,T,45,3,20,
453250,T,45,14,40,
453250,T,46,2,20,
453250,T,47,1,20,
453250,T,47,6,40,
453250,T,52,12,40,
453250,T,53,6,20,
453250,T,53,8,40,
453250,T,54,1,20,
453250,T,54,4,40,
453250,T,55,3,20,
453250,T,55,9,40,
453250,T,57,2,20,
453250,T,57,6,40,
453250,T,62,25,40,
453250,T,63,9,20,
453250,T,63,5,40,
453250,T,64,7,20,
453250,T,64,5,40,
453250,T,65,2,20,
453250,T,65,15,40,
453250,T,66,3,20,
453250,T,66,6,40,
453250,T,67,32,20,
453250,T,67,112,40,
453250,T,72,3,40,
453250,T,73,6,40,
453250,T,74,11,20,
453250,T,74,8,40,
453250,T,75,3,40,
453250,T,76,3,20,
453250,T,76,6,40,
453250,T,77,26,20,
453250,T,77,147,40,
453250,T,82,6,40,
453250,T,83,2,20,
453250,T,83,3,40,
453250,T,84,3,40,
453250,T,85,8,40,
453250,T,86,3,20,
453250,T,86,3,40,
453250,T,87,2,20,
453250,T,87,36,40,
453250,T,93,9,20,
453250,T,E1,4,40,
453250,T,E2,1,20,
453250,T,E2,6,40,
453250,T,E3,1,40,
453250,T,E4,2,20,
453250,T,E4,13,40,
453250,T,E5,2,20,
453250,T,E5,11,40,
453250,T,E6,7,40,
453250,T,E7,6,40,
453250,T,E8,6,40,
453250,T,E9,2,20,
453250,T,E9,12,40,
453250,T,EA,3,20,
453250,T,EA,12,40,
453250,T,EB,8,40,
453250,T,EC,5,20,
453250,T,EC,28,40,
453250,T,ED,10,40,
453250,T,EE,11,40,
453308,OF,29,1,40,
453308,OF,2C,14,20,
453308,OF,2C,62,40,
453308,OF,3A,13,40,
453308,OF,3B,15,40,
453308,OF,3G,2,20,
453308,OF,3G,2,40,
453308,OF,3K,2,40,
453308,OF,49,3,20,
453308,OF,49,31,40,
453308,OF,59,95,20,
453308,OF,59,230,40,
453308,OF,5C,163,20,
453308,OF,5C,205,40,
453308,OF,69,91,20,
453308,OF,69,4,40,
453308,OF,6A,16,20,
453308,OF,6A,187,40,
453308,OF,6D,2,20,
453308,OF,6D,3,40,
453308,OF,6G,1,40,
453308,OF,6H,5,40,
453308,OF,6K,3,20,
453308,OF,6K,5,40,
453308,OF,7A,1,40,
453308,OF,7C,2,20,
453308,OF,7C,3,40,
453308,OF,7D,3,20,
453308,OF,7D,2,40,
453308,OF,89,50,20,
453308,OF,89,254,40,
453308,OF,9B,1,20,
453308,OF,9B,5,40,
453308,OF,9D,4,40,
453308,OF,AB,1,20,
453308,OF,AB,7,40,
453308,OF,AC,6,20,
453308,OF,AC,6,40,
453308,OF,AD,1,20,
453308,OF,AD,9,40,
453308,OF,E2,18,20,
453308,OF,E2,1,40,
453308,OF,E4,4,40,
453308,OF,E5,20,40,
453308,OF,E6,28,40,
453308,OF,E7,17,20,
453308,OF,E7,38,40,
453308,OF,E9,37,20,
453308,OF,E9,2,40,
453308,OF,EA,21,40,
453308,OF,EB,1,40,
453308,OF,EC,1,20,
453308,OF,EC,78,40,
453308,OF,ED,69,40,
453308,OF,EE,74,40,
453308,OZ,10,1,40,
453308,OZ,11,2,20,
453308,OZ,11,3,40,
453308,OZ,12,2,40,
453308,OZ,21,1,40,
453308,OZ,30,4,40,
453308,OZ,31,4,40,
453308,OZ,40,1,40,
453308,OZ,41,4,40,
453308,OZ,51,3,40,
453308,OZ,60,2,40,
453308,OZ,61,3,40,
453308,OZ,70,2,20,
453308,OZ,70,1,40,
453308,OZ,71,2,20,
453308,OZ,71,2,40,
453308,OZ,80,2,20,
453308,OZ,80,2,40,
453308,OZ,81,3,20,
453308,OZ,81,1,40,
453308,OZ,E1,2,20,
453308,OZ,E1,18,40,
453308,OZ,E2,6,40,
453308,OZ,E3,1,40,
453308,OZ,E4,2,20,
453308,OZ,E4,6,40,
453308,OZ,E5,7,40,
453308,OZ,E6,1,40,
453308,OZ,E8,12,40,
453308,OZ,E9,3,40,
453308,OZ,EA,2,20,
453308,OZ,EA,8,40,
453308,OZ,EB,3,40,
453308,OZ,EC,4,40,
453308,OZ,ED,1,40,
453308,T,14,3,40,
453308,T,15,1,20,
453308,T,16,5,40,
453308,T,17,1,20,
453308,T,17,4,40,
453308,T,22,4,20,
453308,T,23,3,20,
453308,T,23,1,40,
453308,T,26,6,20,
453308,T,26,2,40,
453308,T,27,3,20,
453308,T,27,3,40,
453308,T,32,3,20,
453308,T,32,2,40,
453308,T,33,1,40,
453308,T,42,1,40,
453308,T,43,1,40,
453308,T,45,1,20,
453308,T,46,1,40,
453308,T,47,1,20,
453308,T,47,1,40,
453308,T,52,8,40,
453308,T,53,6,20,
453308,T,53,1,40,
453308,T,62,2,40,
453308,T,63,1,20,
453308,T,63,5,40,
453308,T,72,6,40,
453308,T,73,1,40,
453308,T,76,6,40,
453308,T,82,1,40,
453308,T,E1,2,40,
453308,T,E2,2,40,
453308,T,E4,3,40,
453308,T,E5,2,40,
453308,T,E7,2,40,
453308,T,E8,6,40,
453308,T,E9,4,40,
453308,T,EA,17,40,
453308,T,EB,6,40,
453308,T,EC,17,40,
453308,T,EE,2,40,
453324,OF,19,4,20,
453324,OF,19,262,40,
453324,OF,1A,11,20,
453324,OF,1A,39,40,
453324,OF,1C,74,40,
453324,OF,1D,1,40,
453324,OF,28,47,20,
453324,OF,28,243,40,
453324,OF,29,3,40,
453324,OF,2B,8,20,
453324,OF,2B,120,40,
453324,OF,2C,6,20,
453324,OF,2C,20,40,
453324,OF,2K,40,40,
453324,OF,38,1,20,
453324,OF,38,10,40,
453324,OF,39,107,20,
453324,OF,39,232,40,
453324,OF,3B,1,40,
453324,OF,3G,1,40,
453324,OF,3H,1,20,
453324,OF,3H,1,40,
453324,OF,3J,1,40,
453324,OF,3K,1,40,
453324,OF,49,1,20,
453324,OF,49,17,40,
453324,OF,5D,1,20,
453324,OF,9D,2,40,
453324,OF,AC,28,40,
453324,OF,AD,2,40,
453324,OF,E2,1,20,
453324,OF,E2,3,40,
453324,OF,E4,3,40,
453324,OF,E5,3,40,
453324,OF,E6,18,40,
453324,OF,E7,14,40,
453324,OF,E9,2,40,
453324,OF,EA,1,20,
453324,OF,EA,2,40,
453324,OF,EB,2,40,
453324,OF,EC,1,20,
453324,OF,EC,5,40,
453324,OF,ED,19,40,
453324,OF,EE,42,40,
453324,OZ,10,1,20,
453324,OZ,10,1,40,
453324,OZ,12,1,40,
453324,OZ,21,2,40,
453324,OZ,30,6,40,
453324,OZ,31,2,40,
453324,OZ,40,3,40,
453324,OZ,41,2,40,
453324,OZ,60,1,20,
453324,OZ,61,1,20,
453324,OZ,70,1,20,
453324,OZ,70,1,40,
453324,OZ,81,2,20,
453324,OZ,81,1,40,
453324,OZ,E1,1,20,
453324,OZ,E2,3,40,
453324,OZ,E3,2,40,
453324,OZ,E4,1,20,
453324,OZ,E4,10,40,
453324,OZ,E5,1,20,
453324,OZ,E5,7,40,
453324,OZ,E8,1,20,
453324,OZ,E8,1,40,
453324,OZ,E9,23,40,
453324,OZ,EA,1,20,
453324,OZ,EA,10,40,
453324,OZ,EB,16,40,
453324,OZ,EC,1,20,
453324,OZ,EC,7,40,
453324,T,13,5,40,
453324,T,14,3,40,
453324,T,15,2,20,
453324,T,16,2,40,
453324,T,17,3,40,
453324,T,22,2,20,
453324,T,22,4,40,
453324,T,23,1,20,
453324,T,23,4,40,
453324,T,24,5,20,
453324,T,24,5,40,
453324,T,27,2,40,
453324,T,32,1,40,
453324,T,33,2,20,
453324,T,33,8,40,
453324,T,42,2,40,
453324,T,43,8,40,
453324,T,44,1,20,
453324,T,44,2,40,
453324,T,45,3,20,
453324,T,45,22,40,
453324,T,46,2,20,
453324,T,47,2,20,
453324,T,47,7,40,
453324,T,52,16,40,
453324,T,53,1,20,
453324,T,53,2,40,
453324,T,54,2,40,
453324,T,55,14,40,
453324,T,62,2,20,
453324,T,62,5,40,
453324,T,63,1,20,
453324,T,63,7,40,
453324,T,64,7,40,
453324,T,65,6,20,
453324,T,65,30,40,
453324,T,66,4,40,
453324,T,67,2,40,
453324,T,72,8,40,
453324,T,73,6,20,
453324,T,73,16,40,
453324,T,74,1,20,
453324,T,74,1,40,
453324,T,75,11,40,
453324,T,76,1,20,
453324,T,76,8,40,
453324,T,77,3,40,
453324,T,82,2,40,
453324,T,83,5,20,
453324,T,83,5,40,
453324,T,85,1,20,
453324,T,85,10,40,
453324,T,86,1,20,
453324,T,86,2,40,
453324,T,87,3,40,
453324,T,88,11,40,
453324,T,94,1,40,
453324,T,E1,5,40,
453324,T,E2,21,20,
453324,T,E2,32,40,
453324,T,E4,18,20,
453324,T,E4,55,40,
453324,T,E5,8,20,
453324,T,E5,53,40,
453324,T,E6,1,40,
453324,T,E8,2,40,
453324,T,E9,10,20,
453324,T,E9,39,40,
453324,T,EA,18,20,
453324,T,EA,60,40,
453324,T,EB,3,20,
453324,T,EB,48,40,
453324,T,EC,11,20,
453324,T,EC,49,40,
453324,T,EE,1,40,
453352,OF,3H,2,20,
453352,OF,5A,18,20,
453352,OF,5A,11,40,
453352,T,22,4,40,
453352,T,23,21,40,
453352,T,33,2,40,
453352,T,45,11,40,
453352,T,57,3,40,
453352,T,64,10,40,
453352,T,74,7,40,
453352,T,83,1,20,
453356,OF,19,44,20,
453356,OF,19,76,40,
453356,OF,1B,11,20,
453356,OF,1B,179,40,
453356,OF,1D,8,20,
453356,OF,1D,108,40,
453356,OF,28,45,20,
453356,OF,28,13,40,
453356,OF,29,45,20,
453356,OF,29,98,40,
453356,OF,2A,10,20,
453356,OF,2A,75,40,
453356,OF,2B,1,20,
453356,OF,2B,1,40,
453356,OF,38,44,20,
453356,OF,38,17,40,
453356,OF,39,28,20,
453356,OF,39,1,40,
453356,OF,3A,50,40,
453356,OF,3D,1,40,
453356,OF,AC,2,20,
453356,OF,AC,3,40,
453356,OF,AD,1,40,
453356,OF,E4,2,40,
453356,OF,E5,8,20,
453356,OF,E5,1,40,
453356,OF,E6,6,40,
453356,OF,E7,15,40,
453356,OF,E9,2,40,
453356,OF,EA,3,40,
453356,OF,EB,3,40,
453356,OF,EC,33,40,
453356,OF,ED,41,40,
453356,OZ,10,1,40,
453356,OZ,12,2,40,
453356,OZ,31,3,40,
453356,OZ,41,3,40,
453356,OZ,51,8,40,
453356,OZ,81,1,20,
453356,OZ,81,3,40,
453356,OZ,E2,8,40,
453356,OZ,E3,2,40,
453356,OZ,E4,15,40,
453356,OZ,E5,8,40,
453356,OZ,E8,1,40,
453356,OZ,E9,8,40,
453356,OZ,EA,3,40,
453356,OZ,EB,10,40,
453356,OZ,EC,9,40,
453356,T,14,3,40,
453356,T,17,1,40,
453356,T,22,3,40,
453356,T,23,1,20,
453356,T,24,1,40,
453356,T,27,4,40,
453356,T,32,1,20,
453356,T,32,1,40,
453356,T,42,3,20,
453356,T,42,6,40,
453356,T,43,1,40,
453356,T,44,1,40,
453356,T,45,1,20,
453356,T,45,1,40,
453356,T,47,4,20,
453356,T,47,5,40,
453356,T,52,6,40,
453356,T,53,1,40,
453356,T,54,5,40,
453356,T,55,10,40,
453356,T,62,2,20,
453356,T,62,3,40,
453356,T,63,1,20,
453356,T,63,7,40,
453356,T,64,6,40,
453356,T,65,9,40,
453356,T,66,9,40,
453356,T,67,1,20,
453356,T,73,1,40,
453356,T,74,7,40,
453356,T,75,7,40,
453356,T,77,1,40,
453356,T,83,2,20,
453356,T,83,3,40,
453356,T,84,3,40,
453356,T,86,1,40,
453356,T,87,2,40,
453356,T,88,46,40,
453356,T,94,1,40,
453356,T,E1,3,40,
453356,T,E2,6,40,
453356,T,E3,1,40,
453356,T,E4,2,20,
453356,T,E4,10,40,
453356,T,E5,1,20,
453356,T,E5,13,40,
453356,T,E8,3,40,
453356,T,E9,7,40,
453356,T,EA,15,40,
453356,T,EB,16,40,
453356,T,EC,2,20,
453356,T,EC,1,40,
453388,OF,29,74,20,
453388,OF,29,147,40,
453388,OF,2B,2,20,
453388,OF,4A,74,20,
453388,OF,4A,146,40,
453388,OF,4B,7,20,
453388,OF,4B,2,40,
453388,OF,5A,75,20,
453388,OF,5A,147,40,
453388,OF,89,74,20,
453388,OF,89,110,40,
453388,OF,E2,1,40,
453388,OF,E4,4,20,
453388,OF,E5,18,20,
453388,OF,E5,1,40,
453388,OF,E9,1,20,
453388,OF,EA,1,40,
453388,OF,EC,1,40,
453388,OF,ED,1,40,
453388,OZ,11,5,40,
453388,OZ,30,1,40,
453388,OZ,41,1,40,
453388,OZ,61,1,20,
453388,OZ,61,1,40,
453388,OZ,70,1,20,
453388,OZ,71,1,20,
453388,OZ,E1,2,40,
453388,OZ,E2,4,40,
453388,OZ,E4,3,40,
453388,OZ,E5,4,40,
453388,OZ,E8,1,40,
453388,OZ,E9,7,40,
453388,OZ,EB,11,40,
453388,OZ,EC,9,40,
453388,T,13,6,20,
453388,T,13,3,40,
453388,T,14,1,40,
453388,T,16,2,20,
453388,T,22,2,20,
453388,T,23,1,40,
453388,T,37,1,40,
453388,T,45,1,40,
453388,T,52,2,20,
453388,T,53,3,20,
453388,T,54,2,40,
453388,T,55,1,20,
453388,T,57,1,40,
453388,T,62,10,40,
453388,T,63,1,40,
453388,T,65,1,20,
453388,T,65,1,40,
453388,T,66,1,20,
453388,T,66,5,40,
453388,T,67,12,20,
453388,T,67,34,40,
453388,T,72,2,20,
453388,T,72,1,40,
453388,T,75,4,40,
453388,T,77,13,20,
453388,T,77,9,40,
453388,T,84,1,40,
453388,T,93,4,40,
453388,T,E1,4,40,
453388,T,E2,1,20,
453388,T,E2,14,40,
453388,T,E4,9,20,
453388,T,E4,10,40,
453388,T,E5,17,40,
453388,T,E8,1,40,
453388,T,E9,4,20,
453388,T,E9,19,40,
453388,T,EA,7,40,
453388,T,EB,1,20,
453388,T,EB,4,40,
453388,T,EC,2,20,
453388,T,EC,12,40,
453388,T,ED,1,40,
453396,OF,19,8,20,
453396,OF,19,2,40,
453396,OF,1C,5,20,
453396,OF,1D,3,20,
453396,OF,1D,6,40,
453396,OF,29,10,20,
453396,OF,29,2,40,
453396,OF,2C,2,20,
453396,OF,2C,1,40,
453396,OF,2D,3,40,
453396,OF,3A,1,20,
453396,OF,3G,1,40,
453396,OF,3H,1,40,
453396,OF,3K,1,40,
453396,OF,4D,3,40,
453396,OF,59,7,20,
453396,OF,59,9,40,
453396,OF,5C,10,20,
453396,OF,6B,25,20,
453396,OF,6B,247,40,
453396,OF,6C,37,20,
453396,OF,6C,191,40,
453396,OF,6G,1,40,
453396,OF,6H,4,40,
453396,OF,6K,93,20,
453396,OF,6K,321,40,
453396,OF,7D,1,40,
453396,OF,7J,74,20,
453396,OF,7J,321,40,
453396,OF,89,2,20,
453396,OF,89,10,40,
453396,OF,8A,8,20,
453396,OF,8A,99,40,
453396,OF,8B,17,40,
453396,OF,9B,111,20,
453396,OF,9B,293,40,
453396,OF,9C,113,20,
453396,OF,9C,304,40,
453396,OF,9D,19,40,
453396,OF,AB,46,20,
453396,OF,AB,202,40,
453396,OF,AC,8,20,
453396,OF,AC,71,40,
453396,OF,AD,3,20,
453396,OF,AD,41,40,
453396,OF,E1,4,40,
453396,OF,E2,2,40,
453396,OF,E4,2,20,
453396,OF,E4,39,40,
453396,OF,E5,30,40,
453396,OF,E6,18,40,
453396,OF,E7,16,40,
453396,OF,E8,3,40,
453396,OF,E9,1,40,
453396,OF,EA,44,40,
453396,OF,EB,43,40,
453396,OF,EC,2,20,
453396,OF,EC,54,40,
453396,OF,ED,57,40,
453396,OF,EE,2,40,
453396,OZ,10,6,40,
453396,OZ,11,2,20,
453396,OZ,11,7,40,
453396,OZ,12,1,20,
453396,OZ,12,6,40,
453396,OZ,30,1,20,
453396,OZ,31,5,40,
453396,OZ,40,1,40,
453396,OZ,41,2,40,
453396,OZ,51,17,20,
453396,OZ,51,7,40,
453396,OZ,60,1,20,
453396,OZ,60,7,40,
453396,OZ,61,9,40,
453396,OZ,70,5,20,
453396,OZ,70,4,40,
453396,OZ,71,3,20,
453396,OZ,71,7,40,
453396,OZ,80,8,20,
453396,OZ,80,7,40,
453396,OZ,81,8,20,
453396,OZ,81,5,40,
453396,OZ,E1,15,40,
453396,OZ,E2,1,20,
453396,OZ,E2,14,40,
453396,OZ,E3,1,20,
453396,OZ,E3,3,40,
453396,OZ,E4,1,20,
453396,OZ,E4,21,40,
453396,OZ,E5,8,40,
453396,OZ,E6,3,40,
453396,OZ,E8,7,40,
453396,OZ,E9,7,40,
453396,OZ,EA,3,20,
453396,OZ,EA,12,40,
453396,OZ,EB,11,40,
453396,OZ,EC,12,40,
453396,T,13,8,20,
453396,T,13,8,40,
453396,T,14,8,20,
453396,T,14,29,40,
453396,T,15,10,20,
453396,T,15,34,40,
453396,T,16,1,20,
453396,T,16,16,40,
453396,T,17,1,20,
453396,T,17,10,40,
453396,T,22,1,40,
453396,T,23,5,40,
453396,T,24,1,20,
453396,T,24,18,40,
453396,T,26,2,20,
453396,T,26,28,40,
453396,T,27,1,20,
453396,T,27,1,40,
453396,T,32,11,20,
453396,T,32,3,40,
453396,T,33,9,20,
453396,T,33,6,40,
453396,T,37,1,40,
453396,T,42,2,20,
453396,T,42,12,40,
453396,T,43,4,20,
453396,T,43,15,40,
453396,T,44,2,40,
453396,T,45,12,40,
453396,T,46,12,20,
453396,T,46,44,40,
453396,T,47,6,40,
453396,T,52,4,20,
453396,T,52,3,40,
453396,T,53,16,40,
453396,T,54,1,20,
453396,T,55,3,40,
453396,T,57,1,40,
453396,T,62,5,40,
453396,T,63,3,20,
453396,T,63,2,40,
453396,T,64,2,20,
453396,T,65,1,20,
453396,T,66,6,40,
453396,T,72,6,20,
453396,T,72,13,40,
453396,T,73,1,20,
453396,T,73,4,40,
453396,T,74,1,20,
453396,T,75,2,20,
453396,T,76,5,20,
453396,T,76,2,40,
453396,T,77,1,20,
453396,T,82,3,40,
453396,T,83,11,40,
453396,T,84,1,20,
453396,T,84,1,40,
453396,T,86,1,40,
453396,T,87,2,20,
453396,T,93,49,40,
453396,T,94,1,40,
453396,T,E1,33,40,
453396,T,E2,6,40,
453396,T,E3,2,40,
453396,T,E4,12,40,
453396,T,E5,11,40,
453396,T,E6,25,40,
453396,T,E7,35,40,
453396,T,E8,46,40,
453396,T,E9,13,40,
453396,T,EA,21,40,
453396,T,EB,9,40,
453396,T,EC,18,40,
453396,T,ED,44,40,
453396,T,EE,2,40,
453412,OF,3G,1,20,
453412,OF,3G,7,40,
453412,OF,3H,3,40,
453412,OF,3K,2,20,
453412,OF,3K,2,40,
453412,OF,49,20,20,
453412,OF,49,204,40,
453412,OF,4B,6,20,
453412,OF,4B,5,40,
453412,OF,4C,4,20,
453412,OF,4C,30,40,
453412,OF,4E,148,20,
453412,OF,4E,288,40,
453412,OF,5E,76,20,
453412,OF,5E,222,40,
453412,OF,5F,97,20,
453412,OF,5F,237,40,
453412,OF,6B,3,20,
453412,OF,6B,2,40,
453412,OF,6H,4,40,
453412,OF,6K,3,40,
453412,OF,7A,150,20,
453412,OF,7A,305,40,
453412,OF,8B,97,20,
453412,OF,8B,257,40,
453412,OF,E1,7,20,
453412,OF,E1,2,40,
453412,OF,E2,3,20,
453412,OF,E2,5,40,
453412,OF,E4,9,20,
453412,OF,E4,42,40,
453412,OF,E5,2,20,
453412,OF,E5,2,40,
453412,OF,E6,18,40,
453412,OF,E7,19,40,
453412,OF,E8,5,20,
453412,OF,E8,2,40,
453412,OF,E9,7,20,
453412,OF,E9,5,40,
453412,OF,EA,23,40,
453412,OF,EB,7,40,
453412,OF,EC,34,40,
453412,OF,ED,73,40,
453412,OF,EE,77,40,
453412,OZ,10,2,20,
453412,OZ,10,2,40,
453412,OZ,11,1,20,
453412,OZ,11,2,40,
453412,OZ,12,5,20,
453412,OZ,12,3,40,
453412,OZ,21,1,40,
453412,OZ,30,3,20,
453412,OZ,30,2,40,
453412,OZ,31,5,20,
453412,OZ,31,2,40,
453412,OZ,40,5,40,
453412,OZ,41,3,20,
453412,OZ,41,3,40,
453412,OZ,51,9,20,
453412,OZ,51,2,40,
453412,OZ,60,7,20,
453412,OZ,60,17,40,
453412,OZ,61,1,20,
453412,OZ,61,12,40,
453412,OZ,70,6,20,
453412,OZ,70,4,40,
453412,OZ,71,7,20,
453412,OZ,71,2,40,
453412,OZ,80,4,20,
453412,OZ,80,5,40,
453412,OZ,81,18,20,
453412,OZ,81,1,40,
453412,OZ,E1,6,20,
453412,OZ,E1,16,40,
453412,OZ,E2,2,20,
453412,OZ,E2,4,40,
453412,OZ,E3,1,20,
453412,OZ,E3,1,40,
453412,OZ,E4,8,20,
453412,OZ,E4,7,40,
453412,OZ,E5,11,20,
453412,OZ,E5,1,40,
453412,OZ,E6,1,20,
453412,OZ,E6,1,40,
453412,OZ,E7,2,20,
453412,OZ,E8,12,20,
453412,OZ,E8,7,40,
453412,OZ,E9,15,20,
453412,OZ,E9,3,40,
453412,OZ,EA,12,20,
453412,OZ,EA,5,40,
453412,OZ,EB,4,20,
453412,OZ,EB,3,40,
453412,OZ,EC,15,20,
453412,OZ,EC,4,40,
453412,OZ,ED,1,20,
453412,T,13,10,20,
453412,T,13,4,40,
453412,T,14,2,20,
453412,T,14,20,40,
453412,T,15,6,40,
453412,T,16,3,20,
453412,T,16,51,40,
453412,T,17,1,20,
453412,T,17,33,40,
453412,T,22,2,20,
453412,T,22,2,40,
453412,T,23,2,40,
453412,T,24,22,40,
453412,T,26,4,20,
453412,T,26,29,40,
453412,T,27,2,20,
453412,T,27,36,40,
453412,T,32,4,20,
453412,T,32,5,40,
453412,T,33,3,20,
453412,T,33,2,40,
453412,T,37,15,40,
453412,T,42,2,20,
453412,T,42,5,40,
453412,T,43,2,20,
453412,T,43,8,40,
453412,T,44,1,20,
453412,T,44,2,40,
453412,T,45,14,40,
453412,T,46,4,20,
453412,T,46,54,40,
453412,T,47,1,20,
453412,T,47,7,40,
453412,T,52,11,40,
453412,T,53,3,20,
453412,T,53,1,40,
453412,T,54,1,40,
453412,T,62,1,20,
453412,T,62,8,40,
453412,T,63,1,40,
453412,T,64,1,20,
453412,T,65,1,20,
453412,T,72,1,20,
453412,T,74,1,40,
453412,T,76,3,40,
453412,T,77,2,40,
453412,T,83,2,20,
453412,T,83,1,40,
453412,T,85,1,40,
453412,T,86,2,40,
453412,T,87,3,20,
453412,T,E1,3,20,
453412,T,E1,35,40,
453412,T,E2,21,40,
453412,T,E3,4,40,
453412,T,E4,6,20,
453412,T,E4,26,40,
453412,T,E5,20,40,
453412,T,E6,11,40,
453412,T,E7,8,40,
453412,T,E8,44,40,
453412,T,E9,31,40,
453412,T,EA,24,40,
453412,T,EB,22,40,
453412,T,EC,21,40,
453412,T,ED,30,40,
453416,OF,1A,58,20,
453416,OF,1A,193,40,
453416,OF,2A,94,20,
453416,OF,2A,193,40,
453416,OF,2B,96,20,
453416,OF,2B,66,40,
453416,OF,2C,35,20,
453416,OF,2C,120,40,
453416,OF,38,97,20,
453416,OF,38,193,40,
453416,OF,4A,1,20,
453416,OF,4A,173,40,
453416,OF,4D,85,20,
453416,OF,4D,193,40,
453416,OF,5A,193,40,
453416,OF,5D,41,20,
453416,OF,5D,137,40,
453416,OF,69,98,20,
453416,OF,69,83,40,
453416,OF,6H,1,40,
453416,OF,E6,15,40,
453416,OF,E7,17,40,
453416,OF,E8,6,40,
453416,OF,E9,2,40,
453416,OF,EA,32,40,
453416,OF,EB,5,40,
453416,OF,EC,2,40,
453416,OF,ED,31,40,
453416,OF,EE,42,40,
453416,OZ,10,1,20,
453416,OZ,10,3,40,
453416,OZ,11,2,20,
453416,OZ,11,9,40,
453416,OZ,12,6,40,
453416,OZ,21,5,20,
453416,OZ,21,1,40,
453416,OZ,30,1,40,
453416,OZ,31,7,40,
453416,OZ,41,5,20,
453416,OZ,41,6,40,
453416,OZ,51,1,20,
453416,OZ,60,8,20,
453416,OZ,60,20,40,
453416,OZ,61,10,40,
453416,OZ,70,2,20,
453416,OZ,70,4,40,
453416,OZ,71,2,20,
453416,OZ,80,1,20,
453416,OZ,81,6,40,
453416,OZ,E1,21,40,
453416,OZ,E2,1,20,
453416,OZ,E2,19,40,
453416,OZ,E3,1,40,
453416,OZ,E4,1,20,
453416,OZ,E4,18,40,
453416,OZ,E5,3,20,
453416,OZ,E5,19,40,
453416,OZ,E8,22,40,
453416,OZ,E9,2,20,
453416,OZ,E9,29,40,
453416,OZ,EA,2,20,
453416,OZ,EA,27,40,
453416,OZ,EB,25,40,
453416,OZ,EC,22,40,
453416,T,13,10,40,
453416,T,14,8,20,
453416,T,14,8,40,
453416,T,15,1,20,
453416,T,15,1,40,
453416,T,16,1,20,
453416,T,16,8,40,
453416,T,17,16,40,
453416,T,22,5,40,
453416,T,23,2,40,
453416,T,24,9,20,
453416,T,24,3,40,
453416,T,26,12,40,
453416,T,27,2,40,
453416,T,32,5,20,
453416,T,32,1,40,
453416,T,33,1,40,
453416,T,37,6,40,
453416,T,42,1,20,
453416,T,42,1,40,
453416,T,43,7,40,
453416,T,45,2,20,
453416,T,45,1,40,
453416,T,46,2,20,
453416,T,46,2,40,
453416,T,52,1,40,
453416,T,53,8,20,
453416,T,53,6,40,
453416,T,57,1,20,
453416,T,62,1,40,
453416,T,63,1,20,
453416,T,63,5,40,
453416,T,65,1,20,
453416,T,65,2,40,
453416,T,72,4,40,
453416,T,73,1,40,
453416,T,74,1,20,
453416,T,74,1,40,
453416,T,76,4,40,
453416,T,82,2,40,
453416,T,83,3,40,
453416,T,84,1,40,
453416,T,86,1,20,
453416,T,86,5,40,
453416,T,E1,2,40,
453416,T,E2,5,40,
453416,T,E4,1,40,
453416,T,E5,7,40,
453416,T,E6,2,40,
453416,T,E7,2,40,
453416,T,E8,14,40,
453416,T,E9,3,40,
453416,T,EA,5,40,
453416,T,EB,6,40,
453416,T,EC,8,40,
454549,OF,1A,1,20,
454549,OF,1A,4,40,
454549,OF,1C,2,40,
454549,OF,1D,58,20,
454549,OF,1D,114,40,
454549,OF,2C,1,20,
454549,OF,2C,1,40,
454549,OF,2D,93,20,
454549,OF,2D,245,40,
454549,OF,3A,103,20,
454549,OF,3A,193,40,
454549,OF,3G,2,40,
454549,OF,49,7,20,
454549,OF,5D,1,20,
454549,OF,69,3,20,
454549,OF,6H,1,40,
454549,OF,9D,1,20,
454549,OF,AB,2,40,
454549,OF,AC,2,40,
454549,OF,E1,2,40,
454549,OF,E2,2,20,
454549,OF,E2,1,40,
454549,OF,E3,2,40,
454549,OF,E4,7,20,
454549,OF,E4,10,40,
454549,OF,E5,12,40,
454549,OF,E6,18,20,
454549,OF,E6,5,40,
454549,OF,E8,1,20,
454549,OF,E8,35,40,
454549,OF,E9,2,20,
454549,OF,E9,9,40,
454549,OF,EA,4,40,
454549,OF,EB,1,20,
454549,OF,EB,5,40,
454549,OF,EC,19,40,
454549,OF,ED,44,40,
454549,OF,EE,67,40,
454549,OZ,10,22,40,
454549,OZ,11,2,20,
454549,OZ,11,60,40,
454549,OZ,12,3,20,
454549,OZ,12,3,40,
454549,OZ,30,17,40,
454549,OZ,31,2,40,
454549,OZ,40,14,40,
454549,OZ,41,1,20,
454549,OZ,41,5,40,
454549,OZ,51,2,20,
454549,OZ,51,2,40,
454549,OZ,60,8,40,
454549,OZ,61,3,40,
454549,OZ,70,4,40,
454549,OZ,71,3,20,
454549,OZ,71,2,40,
454549,OZ,80,3,20,
454549,OZ,80,9,40,
454549,OZ,81,2,20,
454549,OZ,81,5,40,
454549,OZ,E1,2,20,
454549,OZ,E1,1,40,
454549,OZ,E2,22,40,
454549,OZ,E3,3,40,
454549,OZ,E4,6,20,
454549,OZ,E4,2,40,
454549,OZ,E5,1,20,
454549,OZ,E5,2,40,
454549,OZ,E8,7,20,
454549,OZ,E8,4,40,
454549,OZ,E9,12,20,
454549,OZ,E9,7,40,
454549,OZ,EA,12,20,
454549,OZ,EA,1,40,
454549,OZ,EC,2,20,
454549,OZ,EC,7,40,
454549,OZ,ED,2,20,
454585,OF,28,164,20,
454585,OF,28,7,40,
454585,OF,3H,1,20,
454585,OF,59,164,20,
454585,OF,59,73,40,
454585,OF,69,165,20,
454585,OF,69,195,40,
454585,OF,6A,130,40,
454585,OF,7A,78,40,
454585,OF,8A,49,20,
454585,OF,8A,195,40,
454585,OF,8B,3,20,
454585,OF,8B,1,40,
454585,OF,E1,1,40,
454585,OF,E2,3,40,
454585,OF,E8,2,40,
454585,OF,E9,1,20,
454585,OF,E9,1,40,
454585,OF,EA,1,40,
454585,OF,ED,1,40,
454585,OZ,10,6,40,
454585,OZ,11,1,20,
454585,OZ,11,9,40,
454585,OZ,12,20,40,
454585,OZ,21,1,40,
454585,OZ,40,1,40,
454585,OZ,41,3,20,
454585,OZ,41,4,40,
454585,OZ,51,1,20,
454585,OZ,51,11,40,
454585,OZ,60,1,20,
454585,OZ,60,1,40,
454585,OZ,61,4,20,
454585,OZ,61,6,40,
454585,OZ,70,2,40,
454585,OZ,71,1,20,
454585,OZ,80,1,20,
454585,OZ,80,1,40,
454585,OZ,81,1,20,
454585,OZ,81,2,40,
454585,OZ,E1,12,40,
454585,OZ,E2,6,40,
454585,OZ,E3,2,40,
454585,OZ,E4,1,20,
454585,OZ,E4,7,40,
454585,OZ,E5,12,40,
454585,OZ,E6,1,40,
454585,OZ,E8,4,40,
454585,OZ,E9,1,20,
454585,OZ,E9,3,40,
454585,OZ,EA,5,20,
454585,OZ,EA,2,40,
454585,OZ,EC,1,20,
454585,OZ,EC,1,40,
454710,OF,28,50,20,
454710,OF,8A,92,40,
454710,OF,8B,1,40,
454710,OF,E1,2,20,
454710,OF,E5,2,20,
454710,OF,E8,1,20,
454710,OZ,10,1,20,
454710,OZ,10,2,40,
454710,OZ,21,2,40,
454710,OZ,41,1,40,
454710,OZ,51,1,40,
454710,OZ,60,15,20,
454710,OZ,61,1,40,
454710,OZ,81,2,20,
454710,OZ,E2,4,40,
454710,OZ,E3,4,20,
454710,OZ,E4,1,20,
454710,OZ,E5,6,20,
454710,OZ,EA,2,20,
